datetime,count,pred_xgb,pred_naive,residual,abs_error,pct_error,recommended_surge,demand_supply_ratio,surge_revenue_uplift,hour,dow,season,weather,temp
2012-03-01 14:00:00,244,124.35395,162.0,119.64604949951172,119.64604949951172,49.03526618832447,1.0,0.8744206723150174,0.0,14,3,2,3,25.6
2012-03-01 15:00:00,202,121.543915,105.0,80.45608520507812,80.45608520507812,39.829745151028774,1.0,0.9892873982045012,0.0,15,3,3,2,6.75
2012-03-01 16:00:00,171,124.592316,49.0,46.407684326171875,46.407684326171875,27.138996681971854,1.0,0.8011652566842292,0.0,16,3,4,4,17.56
2012-03-01 17:00:00,106,124.592316,14.0,-18.592315673828125,18.592315673828125,17.539920447007663,1.0,0.8376610079468052,0.0,17,3,1,3,22.52
2012-03-01 18:00:00,134,123.59638,26.0,10.403617858886719,10.403617858886719,7.763893924542327,1.25,1.1820472688725068,30.89909553527832,18,3,3,2,6.98
2012-03-01 19:00:00,139,124.14898,141.0,14.851020812988281,14.851020812988281,10.684187635243369,1.0,0.7302645960293913,0.0,19,3,2,3,9.05
2012-03-01 20:00:00,75,124.14898,126.0,-49.14897918701172,49.14897918701172,65.53197224934895,1.0,0.821146898209879,0.0,20,3,2,3,24.91
2012-03-01 21:00:00,15,124.14898,119.0,-109.14897918701172,109.14897918701172,727.6598612467449,1.0,0.8115428456010262,0.0,21,3,2,3,20.65
2012-03-01 22:00:00,54,124.464584,116.0,-70.46458435058594,70.46458435058594,130.4899710196036,1.5,1.2490707624841542,62.23229217529297,22,3,4,3,9.85
2012-03-01 23:00:00,76,124.02569,155.0,-48.02568817138672,48.02568817138672,63.191694962350944,1.25,1.024941900429862,31.00642204284668,23,3,1,4,21.06
2012-03-02 00:00:00,96,123.826065,149.0,-27.826065063476562,27.826065063476562,28.985484441121418,1.25,1.081689229000538,30.95651626586914,0,4,3,4,32.38
2012-03-02 01:00:00,94,125.077805,73.0,-31.077804565429688,31.077804565429688,33.06149421854222,1.0,0.821749254348602,0.0,1,4,1,3,5.47
2012-03-02 02:00:00,46,124.02569,204.0,-78.02568817138672,78.02568817138672,169.62106124214503,1.0,0.9559346335646166,0.0,2,4,4,3,24.28
2012-03-02 03:00:00,57,124.464584,129.0,-67.46458435058594,67.46458435058594,118.35891991330867,1.0,0.9316404254149931,0.0,3,4,1,2,7.21
2012-03-02 04:00:00,201,124.63607,193.0,76.36392974853516,76.36392974853516,37.992004850017494,1.25,1.1922681310003331,31.15901756286621,4,4,4,2,5.19
2012-03-02 05:00:00,138,123.826065,206.0,14.173934936523438,14.173934936523438,10.27096734530684,1.5,1.333065461937294,61.91303253173828,5,4,2,1,9.52
2012-03-02 06:00:00,169,123.826065,90.0,45.17393493652344,45.17393493652344,26.73013901569434,1.25,1.0930541303135257,30.95651626586914,6,4,3,4,17.69
2012-03-02 07:00:00,139,123.59638,129.0,15.403617858886719,15.403617858886719,11.081739466824978,1.5,1.3884365518579378,61.79819107055664,7,4,2,3,29.07
2012-03-02 08:00:00,116,123.59638,11.0,-7.596382141113281,7.596382141113281,6.548605294063173,1.0,0.932492840886511,0.0,8,4,1,4,13.45
2012-03-02 09:00:00,72,123.59638,158.0,-51.59638214111328,51.59638214111328,71.66164186265733,1.25,1.0618479464579218,30.89909553527832,9,4,2,2,23.77
2012-03-02 10:00:00,99,123.59638,151.0,-24.59638214111328,24.59638214111328,24.84483044556897,1.25,1.0192880950557794,30.89909553527832,10,4,3,4,17.33
2012-03-02 11:00:00,189,124.14898,24.0,64.85102081298828,64.85102081298828,34.312709424861524,1.5,1.2364197408133384,62.07448959350586,11,4,2,4,12.03
2012-03-02 12:00:00,118,124.02569,136.0,-6.025688171386719,6.025688171386719,5.10651539948027,1.0,0.8823517457568665,0.0,12,4,3,3,20.43
2012-03-02 13:00:00,175,124.14898,61.0,50.85102081298828,50.85102081298828,29.057726178850444,1.0,0.9029560374689447,0.0,13,4,3,3,28.92
2012-03-02 14:00:00,197,124.14898,79.0,72.85102081298828,72.85102081298828,36.98021361065395,1.0,0.9352423869659271,0.0,14,4,2,2,29.97
2012-03-02 15:00:00,70,124.14898,138.0,-54.14897918701172,54.14897918701172,77.35568455287388,1.5,1.2984681426268567,62.07448959350586,15,4,4,3,30.4
2012-03-02 16:00:00,103,123.59638,215.0,-20.59638214111328,20.59638214111328,19.996487515643963,1.25,1.1573562169946956,30.89909553527832,16,4,1,2,15.16
2012-03-02 17:00:00,138,124.14898,194.0,13.851020812988281,13.851020812988281,10.036971603614697,1.75,1.54122358890041,93.11173439025879,17,4,4,2,28.8
2012-03-02 18:00:00,162,123.28505,82.0,38.71495056152344,38.71495056152344,23.898117630570024,1.5,1.4049162934350705,61.64252471923828,18,4,4,1,11.37
2012-03-02 19:00:00,110,124.14898,82.0,-14.148979187011719,14.148979187011719,12.862708351828836,1.25,1.0448440410287743,31.03724479675293,19,4,2,1,27.15
2012-03-02 20:00:00,42,124.35395,163.0,-82.35395050048828,82.35395050048828,196.0808345249721,1.25,1.0273364115739871,31.08848762512207,20,4,1,1,33.45
2012-03-02 21:00:00,50,127.13001,95.0,-77.13001251220703,77.13001251220703,154.26002502441406,1.0,0.9631888467399127,0.0,21,4,1,4,5.41
2012-03-02 22:00:00,199,124.35395,179.0,74.64604949951172,74.64604949951172,37.51057763794559,1.5,1.2757760955496475,62.17697525024414,22,4,4,1,18.21
2012-03-02 23:00:00,225,123.826065,132.0,101.17393493652344,101.17393493652344,44.96619330512153,1.25,1.1754632596875942,30.95651626586914,23,4,2,3,24.43
2012-03-03 00:00:00,181,123.826065,35.0,57.17393493652344,57.17393493652344,31.58780935719527,1.25,1.0579628032007269,30.95651626586914,0,5,1,3,26.05
2012-03-03 01:00:00,40,124.14898,8.0,-84.14897918701172,84.14897918701172,210.3724479675293,1.5,1.213313987074482,62.07448959350586,1,5,4,1,10.28
2012-03-03 02:00:00,179,124.14898,133.0,54.85102081298828,54.85102081298828,30.643028387144287,1.5,1.2829610562511777,62.07448959350586,2,5,1,4,34.17
2012-03-03 03:00:00,159,124.14898,165.0,34.85102081298828,34.85102081298828,21.918881014458037,1.25,1.0025305878460962,31.03724479675293,3,5,2,2,23.46
2012-03-03 04:00:00,93,123.826065,173.0,-30.826065063476562,30.826065063476562,33.14630651986727,1.25,1.1168874489550786,30.95651626586914,4,5,2,4,9.93
2012-03-03 05:00:00,202,124.14898,153.0,77.85102081298828,77.85102081298828,38.54010931336054,1.0,0.9102357305179489,0.0,5,5,2,4,5.62
2012-03-03 06:00:00,208,124.35395,123.0,83.64604949951172,83.64604949951172,40.214446874765244,1.25,1.006831484408225,31.08848762512207,6,5,1,2,28.5
2012-03-03 07:00:00,149,124.63607,31.0,24.363929748535156,24.363929748535156,16.35163070371487,1.0,0.8204321548541204,0.0,7,5,3,2,7.39
2012-03-03 08:00:00,217,124.14898,42.0,92.85102081298828,92.85102081298828,42.78848885391165,1.0,0.8660966943394987,0.0,8,5,1,2,9.23
2012-03-03 09:00:00,136,124.14898,224.0,11.851020812988281,11.851020812988281,8.713985891903148,1.25,1.0305203466005812,31.03724479675293,9,5,3,3,22.24
2012-03-03 10:00:00,164,124.35395,199.0,39.64604949951172,39.64604949951172,24.174420426531537,1.0,0.7770901655555988,0.0,10,5,2,2,23.11
2012-03-03 11:00:00,160,124.14898,154.0,35.85102081298828,35.85102081298828,22.406888008117676,1.0,0.7709217509481279,0.0,11,5,4,2,25.61
2012-03-03 12:00:00,122,124.14898,156.0,-2.1489791870117188,2.1489791870117188,1.7614583500096055,1.0,0.9588240134088848,0.0,12,5,3,4,16.81
2012-03-03 13:00:00,155,124.14898,162.0,30.85102081298828,30.85102081298828,19.90388439547631,1.25,1.0139662909209557,31.03724479675293,13,5,2,4,28.22
2012-03-03 14:00:00,112,124.14898,153.0,-12.148979187011719,12.148979187011719,10.847302845546178,1.0,0.8267966695324271,0.0,14,5,2,1,34.23
2012-03-03 15:00:00,54,124.14898,82.0,-70.14897918701172,70.14897918701172,129.90551701298466,1.25,1.1463864365465055,31.03724479675293,15,5,3,4,13.13
2012-03-03 16:00:00,234,125.07327,106.0,108.92672729492188,108.92672729492188,46.549883459368324,1.25,1.1167897232352442,31.26831817626953,16,5,4,2,26.09
2012-03-03 17:00:00,42,124.14898,148.0,-82.14897918701172,82.14897918701172,195.59280758812315,1.5,1.2129101705234548,62.07448959350586,17,5,2,3,32.85
2012-03-03 18:00:00,199,123.826065,156.0,75.17393493652344,75.17393493652344,37.77584670177057,1.0,0.8005339694178292,0.0,18,5,3,4,25.59
2012-03-03 19:00:00,122,124.14898,196.0,-2.1489791870117188,2.1489791870117188,1.7614583500096055,1.0,0.8409078814170107,0.0,19,5,4,4,25.43
2012-03-03 20:00:00,26,123.826065,56.0,-97.82606506347656,97.82606506347656,376.2540963979868,1.0,0.8197925130907394,0.0,20,5,4,2,11.71
2012-03-03 21:00:00,55,124.464584,138.0,-69.46458435058594,69.46458435058594,126.29924427379262,1.0,0.7991798255952571,0.0,21,5,2,4,21.05
2012-03-03 22:00:00,139,124.464584,43.0,14.535415649414062,14.535415649414062,10.457133560729542,1.0,0.9361674007450652,0.0,22,5,1,4,21.88
2012-03-03 23:00:00,227,123.826065,139.0,103.17393493652344,103.17393493652344,45.45107265926143,1.0,0.8950521483957701,0.0,23,5,1,2,26.0
2012-03-04 00:00:00,55,123.13767,63.0,-68.1376724243164,68.1376724243164,123.88667713512073,1.25,1.13735209464322,30.7844181060791,0,6,2,4,34.9
2012-03-04 01:00:00,155,124.14898,164.0,30.85102081298828,30.85102081298828,19.90388439547631,1.5,1.2110352306962833,62.07448959350586,1,6,4,3,6.01
2012-03-04 02:00:00,59,124.35395,158.0,-65.35395050048828,65.35395050048828,110.76940762794625,1.0,0.8578467017909378,0.0,2,6,2,1,6.96
2012-03-04 03:00:00,218,126.02997,198.0,91.97003173828125,91.97003173828125,42.18808795334002,1.0,0.9966395112068581,0.0,3,6,3,4,7.34
2012-03-04 04:00:00,117,122.45859,74.0,-5.458587646484375,5.458587646484375,4.665459526909722,1.0,0.9055390332369264,0.0,4,6,1,3,27.29
2012-03-04 05:00:00,102,123.826065,45.0,-21.826065063476562,21.826065063476562,21.398103003408394,1.0,0.8251688730284659,0.0,5,6,3,4,9.09
2012-03-04 06:00:00,218,124.14898,207.0,93.85102081298828,93.85102081298828,43.05092697843499,1.0,0.9075720852060039,0.0,6,6,2,1,23.67
2012-03-04 07:00:00,44,124.14898,31.0,-80.14897918701172,80.14897918701172,182.1567708795721,1.0,0.9423465038740404,0.0,7,6,2,2,14.74
2012-03-04 08:00:00,144,124.14898,100.0,19.85102081298828,19.85102081298828,13.78543112013075,1.0,0.971140972642099,0.0,8,6,4,1,18.72
2012-03-04 09:00:00,117,124.35395,109.0,-7.353950500488281,7.353950500488281,6.285427778195111,1.25,1.1451555312127513,31.08848762512207,9,6,4,4,11.47
2012-03-04 10:00:00,136,123.826065,70.0,12.173934936523438,12.173934936523438,8.951422747443704,1.5,1.366455147890643,61.91303253173828,10,6,4,1,30.98
2012-03-04 11:00:00,52,124.14898,167.0,-72.14897918701172,72.14897918701172,138.74803689809946,1.25,1.0771770330261348,31.03724479675293,11,6,3,1,22.58
2012-03-04 12:00:00,106,124.14898,130.0,-18.14897918701172,18.14897918701172,17.121678478312944,1.5,1.27094557337588,62.07448959350586,12,6,4,2,33.34
2012-03-04 13:00:00,64,124.14898,219.0,-60.14897918701172,60.14897918701172,93.98277997970581,1.25,1.1409373823223818,31.03724479675293,13,6,2,4,22.24
2012-03-04 14:00:00,64,123.826065,129.0,-59.82606506347656,59.82606506347656,93.47822666168213,1.0,0.9430222958666821,0.0,14,6,4,1,8.72
2012-03-04 15:00:00,129,124.35395,97.0,4.646049499511719,4.646049499511719,3.6015887593114098,1.5,1.328893312909611,62.17697525024414,15,6,1,1,10.13
2012-03-04 16:00:00,68,123.13767,154.0,-55.137672424316406,55.137672424316406,81.0848123887006,1.5,1.435224346390501,61.5688362121582,16,6,4,2,34.67
2012-03-04 17:00:00,36,123.826065,94.0,-87.82606506347656,87.82606506347656,243.96129184299045,1.5,1.329938169237876,61.91303253173828,17,6,3,3,26.77
2012-03-04 18:00:00,94,123.5087,183.0,-29.508697509765625,29.508697509765625,31.392231393367688,1.5,1.3199455467916628,61.75434875488281,18,6,1,4,6.48
2012-03-04 19:00:00,38,123.826065,81.0,-85.82606506347656,85.82606506347656,225.85806595651724,1.25,1.1317572558316535,30.95651626586914,19,6,1,3,26.11
2012-03-04 20:00:00,80,123.826065,187.0,-43.82606506347656,43.82606506347656,54.7825813293457,1.5,1.233079100376485,61.91303253173828,20,6,1,3,17.37
2012-03-04 21:00:00,108,125.87826,179.0,-17.878257751464844,17.878257751464844,16.553942362467446,1.25,1.099199071826859,31.46956443786621,21,6,3,2,14.22
2012-03-04 22:00:00,157,123.826065,207.0,33.17393493652344,33.17393493652344,21.12989486402767,1.25,1.1203262837543957,30.95651626586914,22,6,2,2,9.62
2012-03-04 23:00:00,192,123.80715,179.0,68.1928482055664,68.1928482055664,35.51710844039917,1.5,1.27119428662773,61.9035758972168,23,6,4,4,30.2
2012-03-05 00:00:00,211,123.5087,104.0,87.49130249023438,87.49130249023438,41.46507227025326,1.25,1.0488330141817466,30.877174377441406,0,0,1,3,6.92
2012-03-05 01:00:00,172,123.5087,225.0,48.491302490234375,48.491302490234375,28.19261772688045,1.5,1.3965879256427192,61.75434875488281,1,0,1,1,13.7
2012-03-05 02:00:00,135,123.5087,136.0,11.491302490234375,11.491302490234375,8.51207591869213,1.75,1.5286072347019466,92.63152313232422,2,0,1,3,14.19
2012-03-05 03:00:00,149,123.5087,89.0,25.491302490234375,25.491302490234375,17.108256704855286,1.5,1.41994142677455,61.75434875488281,3,0,2,2,9.83
2012-03-05 04:00:00,80,123.5087,232.0,-43.508697509765625,43.508697509765625,54.385871887207024,1.25,1.0220690291040613,30.877174377441406,4,0,2,1,20.25
2012-03-05 05:00:00,165,124.14898,199.0,40.85102081298828,40.85102081298828,24.75819443211411,1.25,1.1871714987707116,31.03724479675293,5,0,3,1,5.35
2012-03-05 06:00:00,135,124.14898,134.0,10.851020812988281,10.851020812988281,8.037793194806135,1.5,1.3834204148580422,62.07448959350586,6,0,2,2,14.03
2012-03-05 07:00:00,126,123.80715,229.0,2.1928482055664062,2.1928482055664062,1.740355718703497,1.25,1.1681766337555421,30.9517879486084,7,0,4,1,33.01
2012-03-05 08:00:00,55,124.14898,127.0,-69.14897918701172,69.14897918701172,125.72541670365767,1.5,1.3919097755634182,62.07448959350586,8,0,3,3,14.32
2012-03-05 09:00:00,54,124.14898,38.0,-70.14897918701172,70.14897918701172,129.90551701298466,1.25,1.065070022178069,31.03724479675293,9,0,3,2,15.81
2012-03-05 10:00:00,127,124.14898,138.0,2.8510208129882812,2.8510208129882812,2.2448982779435287,1.5,1.2386297817318581,62.07448959350586,10,0,4,4,19.19
2012-03-05 11:00:00,129,123.826065,148.0,5.1739349365234375,5.1739349365234375,4.010802276374758,1.5,1.2850270346047519,61.91303253173828,11,0,4,2,21.85
2012-03-05 12:00:00,35,123.826065,67.0,-88.82606506347656,88.82606506347656,253.78875732421875,1.5,1.3063419323878072,61.91303253173828,12,0,4,4,29.26
2012-03-05 13:00:00,81,124.14898,60.0,-43.14897918701172,43.14897918701172,53.27034467532311,1.25,1.127596530787751,31.03724479675293,13,0,3,4,10.71
2012-03-05 14:00:00,52,124.14898,116.0,-72.14897918701172,72.14897918701172,138.74803689809946,1.5,1.2909915057096384,62.07448959350586,14,0,3,2,31.15
2012-03-05 15:00:00,66,123.826065,240.0,-57.82606506347656,57.82606506347656,87.61525009617661,1.75,1.5319513703226117,92.86954879760742,15,0,3,2,27.73
2012-03-05 16:00:00,206,123.80715,62.0,82.1928482055664,82.1928482055664,39.89944087648855,1.75,1.5382457478955394,92.8553638458252,16,0,4,4,26.68
2012-03-05 17:00:00,104,125.077805,213.0,-21.077804565429688,21.077804565429688,20.267119774451622,1.0,0.9474138682307272,0.0,17,0,4,4,7.6
2012-03-05 18:00:00,214,123.675514,117.0,90.3244857788086,90.3244857788086,42.20770363495729,1.0,0.934736739695499,0.0,18,0,1,1,5.65
2012-03-05 19:00:00,146,124.14898,96.0,21.85102081298828,21.85102081298828,14.966452611635809,1.0,0.9885359640126358,0.0,19,0,2,2,22.82
2012-03-05 20:00:00,100,124.35395,182.0,-24.35395050048828,24.35395050048828,24.35395050048828,1.5,1.2027883793948144,62.17697525024414,20,0,1,2,30.89
2012-03-05 21:00:00,92,124.35395,166.0,-32.35395050048828,32.35395050048828,35.16733750053074,1.0,0.8400922232952157,0.0,21,0,4,1,22.53
2012-03-05 22:00:00,95,124.14898,145.0,-29.14897918701172,29.14897918701172,30.683135986328125,1.0,0.9169033440048927,0.0,22,0,3,2,11.4
2012-03-05 23:00:00,170,124.14898,86.0,45.85102081298828,45.85102081298828,26.97118871352252,1.0,0.9637280578694912,0.0,23,0,4,1,7.72
2012-03-06 00:00:00,128,124.35395,156.0,3.6460494995117188,3.6460494995117188,2.8484761714935303,1.25,1.113347647633093,31.08848762512207,0,1,2,1,25.99
2012-03-06 01:00:00,219,124.14898,22.0,94.85102081298828,94.85102081298828,43.31096840775721,1.5,1.265472542891347,62.07448959350586,1,1,1,2,26.65
2012-03-06 02:00:00,115,125.55689,33.0,-10.556892395019531,10.556892395019531,9.179906430451766,1.5,1.4067449700881307,62.778446197509766,2,1,1,3,10.18
2012-03-06 03:00:00,161,124.14898,98.0,36.85102081298828,36.85102081298828,22.88883280309831,1.0,0.9103084587070271,0.0,3,1,3,4,5.85
2012-03-06 04:00:00,153,124.14898,164.0,28.85102081298828,28.85102081298828,18.856876348358355,1.25,1.1247413349348903,31.03724479675293,4,1,1,2,17.25
2012-03-06 05:00:00,128,124.14898,125.0,3.8510208129882812,3.8510208129882812,3.0086100101470947,1.5,1.270142098674528,62.07448959350586,5,1,1,3,22.48
2012-03-06 06:00:00,139,124.14898,169.0,14.851020812988281,14.851020812988281,10.684187635243369,1.5,1.2082820231269833,62.07448959350586,6,1,4,1,26.18
2012-03-06 07:00:00,49,124.35395,148.0,-75.35395050048828,75.35395050048828,153.78357244997608,1.25,1.0417374559708832,31.08848762512207,7,1,1,3,29.3
2012-03-06 08:00:00,100,124.14898,225.0,-24.14897918701172,24.14897918701172,24.14897918701172,1.5,1.3411405279272826,62.07448959350586,8,1,1,2,23.32
2012-03-06 09:00:00,2,124.14898,217.0,-122.14897918701172,122.14897918701172,6107.448959350586,1.0,0.9223711475220768,0.0,9,1,1,2,8.33
2012-03-06 10:00:00,180,123.826065,241.0,56.17393493652344,56.17393493652344,31.20774163140191,1.0,0.9795722677767758,0.0,10,1,3,3,25.48
2012-03-06 11:00:00,225,124.35395,153.0,100.64604949951172,100.64604949951172,44.73157755533854,1.0,0.9833360927324172,0.0,11,1,3,2,34.53
2012-03-06 12:00:00,71,123.826065,159.0,-52.82606506347656,52.82606506347656,74.40290854010783,1.25,1.0960088820156653,30.95651626586914,12,1,4,4,32.17
2012-03-06 13:00:00,52,123.59638,97.0,-71.59638214111328,71.59638214111328,137.6853502713717,1.0,0.9767541667281932,0.0,13,1,1,3,31.15
2012-03-06 14:00:00,106,124.464584,12.0,-18.464584350585938,18.464584350585938,17.419419198665977,1.25,1.0148605520081533,31.116146087646484,14,1,3,1,14.07
2012-03-06 15:00:00,125,125.2817,20.0,-0.28170013427734375,0.28170013427734375,0.225360107421875,1.0,0.9710839768740934,0.0,15,1,3,3,27.52
2012-03-06 16:00:00,204,123.826065,139.0,80.17393493652344,80.17393493652344,39.3009484982958,1.5,1.2999860154069385,61.91303253173828,16,1,4,3,30.53
2012-03-06 17:00:00,181,123.59638,130.0,57.40361785888672,57.40361785888672,31.71470599938493,1.25,1.0614721357347054,30.89909553527832,17,1,2,3,25.35
2012-03-06 18:00:00,65,124.14898,67.0,-59.14897918701172,59.14897918701172,90.99842951847957,1.5,1.3101951368901679,62.07448959350586,18,1,1,3,12.52
2012-03-06 19:00:00,199,124.35395,92.0,74.64604949951172,74.64604949951172,37.51057763794559,1.25,1.0484168160599392,31.08848762512207,19,1,3,1,33.62
2012-03-06 20:00:00,149,124.14898,222.0,24.85102081298828,24.85102081298828,16.678537458381395,1.25,1.1261432873656547,31.03724479675293,20,1,4,1,18.52
2012-03-06 21:00:00,182,123.826065,179.0,58.17393493652344,58.17393493652344,31.96370051457332,1.5,1.238162325328172,61.91303253173828,21,1,4,1,8.89
2012-03-06 22:00:00,115,124.14898,12.0,-9.148979187011719,9.148979187011719,7.955634075662364,1.5,1.2394543262065019,62.07448959350586,22,1,4,3,8.29
2012-03-06 23:00:00,129,124.14898,212.0,4.851020812988281,4.851020812988281,3.7604812503785126,1.0,0.9316646629346499,0.0,23,1,3,4,24.43
2012-03-07 00:00:00,90,124.14898,123.0,-34.14897918701172,34.14897918701172,37.943310207790795,1.25,1.1942727600349616,31.03724479675293,0,2,1,4,18.13
2012-03-07 01:00:00,52,123.12061,103.0,-71.12061309814453,71.12061309814453,136.77040980412409,1.0,0.8097208031047364,0.0,1,2,2,1,7.83
2012-03-07 02:00:00,149,124.14898,127.0,24.85102081298828,24.85102081298828,16.678537458381395,1.25,1.012133282516736,31.03724479675293,2,2,1,4,27.21
2012-03-07 03:00:00,23,124.63607,55.0,-101.63607025146484,101.63607025146484,441.89595761506456,1.25,1.1392931089631317,31.15901756286621,3,2,4,4,28.98
2012-03-07 04:00:00,90,123.826065,180.0,-33.82606506347656,33.82606506347656,37.58451673719618,1.25,1.0409295479571536,30.95651626586914,4,2,4,4,26.76
2012-03-07 05:00:00,19,124.14898,157.0,-105.14897918701172,105.14897918701172,553.4156799316406,1.5,1.4931604793952162,62.07448959350586,5,2,2,4,11.07
2012-03-07 06:00:00,23,123.826065,16.0,-100.82606506347656,100.82606506347656,438.374195928159,1.0,0.9347309818237675,0.0,6,2,1,4,25.69
2012-03-07 07:00:00,167,124.63607,54.0,42.363929748535156,42.363929748535156,25.367622603913265,1.5,1.2319005341113447,62.31803512573242,7,2,4,2,5.32
2012-03-07 08:00:00,96,123.826065,75.0,-27.826065063476562,27.826065063476562,28.985484441121418,1.25,1.0092768377822299,30.95651626586914,8,2,4,1,14.15
2012-03-07 09:00:00,132,123.28505,56.0,8.714950561523438,8.714950561523438,6.602235273881392,1.5,1.4814670103865697,61.64252471923828,9,2,1,3,16.96
2012-03-07 10:00:00,117,124.14898,30.0,-7.148979187011719,7.148979187011719,6.110238621377538,1.25,1.1184754095972667,31.03724479675293,10,2,4,4,30.06
2012-03-07 11:00:00,114,124.14898,90.0,-10.148979187011719,10.148979187011719,8.902613321940105,1.25,1.1415468838318759,31.03724479675293,11,2,1,2,16.71
2012-03-07 12:00:00,13,124.35395,210.0,-111.35395050048828,111.35395050048828,856.568850003756,1.0,0.9634799494772288,0.0,12,2,4,3,5.34
2012-03-07 13:00:00,53,124.14898,208.0,-71.14897918701172,71.14897918701172,134.2433569566259,1.25,1.1660102757879407,31.03724479675293,13,2,1,2,15.57
2012-03-07 14:00:00,142,124.464584,177.0,17.535415649414062,17.535415649414062,12.348884260150749,1.5,1.2297965581412051,62.23229217529297,14,2,2,4,19.97
2012-03-07 15:00:00,169,125.56709,104.0,43.43290710449219,43.43290710449219,25.6999450322439,1.5,1.3752993303241379,62.783546447753906,15,2,4,4,33.47
2012-03-07 16:00:00,131,123.28505,72.0,7.7149505615234375,7.7149505615234375,5.889275237804151,1.5,1.2785357932913948,61.64252471923828,16,2,2,4,33.23
2012-03-07 17:00:00,158,124.14898,151.0,33.85102081298828,33.85102081298828,21.42469671708119,1.25,1.1933222715505332,31.03724479675293,17,2,4,4,10.43
2012-03-07 18:00:00,39,124.14898,58.0,-85.14897918701172,85.14897918701172,218.3307158641326,1.5,1.2575033548511925,62.07448959350586,18,2,4,3,10.55
2012-03-07 19:00:00,31,124.14898,216.0,-93.14897918701172,93.14897918701172,300.48057802261843,1.75,1.6432090817816472,93.11173439025879,19,2,3,3,9.9
2012-03-07 20:00:00,51,124.14898,74.0,-73.14897918701172,73.14897918701172,143.42937095492493,1.25,1.1232546807561896,31.03724479675293,20,2,1,2,28.67
2012-03-07 21:00:00,221,125.077805,244.0,95.92219543457031,95.92219543457031,43.40370834143453,1.25,1.1442817975888826,31.269451141357422,21,2,2,1,5.18
2012-03-07 22:00:00,180,123.826065,45.0,56.17393493652344,56.17393493652344,31.20774163140191,1.75,1.6604516161431375,92.86954879760742,22,2,2,4,8.82
2012-03-07 23:00:00,78,123.28505,112.0,-45.28504943847656,45.28504943847656,58.05775569035456,1.5,1.2676603561457518,61.64252471923828,23,2,2,2,21.14
2012-03-08 00:00:00,27,124.14898,59.0,-97.14897918701172,97.14897918701172,359.8110340259693,1.75,1.6895566723250508,93.11173439025879,0,3,1,2,12.43
2012-03-08 01:00:00,229,124.14898,187.0,104.85102081298828,104.85102081298828,45.78647197073724,1.5,1.264046112317916,62.07448959350586,1,3,3,2,7.77
2012-03-08 02:00:00,156,123.80715,208.0,32.192848205566406,32.192848205566406,20.63644115741436,1.5,1.441578829506612,61.9035758972168,2,3,2,4,15.8
2012-03-08 03:00:00,92,123.826065,220.0,-31.826065063476562,31.826065063476562,34.59354898203974,1.25,1.17367890559613,30.95651626586914,3,3,1,4,13.23
2012-03-08 04:00:00,107,124.14898,183.0,-17.14897918701172,17.14897918701172,16.0270833523474,1.25,1.108258141630454,31.03724479675293,4,3,4,2,20.33
2012-03-08 05:00:00,171,124.14898,96.0,46.85102081298828,46.85102081298828,27.398257785373264,1.25,1.0797112818819785,31.03724479675293,5,3,2,4,34.38
2012-03-08 06:00:00,134,124.63607,32.0,9.363929748535156,9.363929748535156,6.988007275026235,1.5,1.47121894618705,62.31803512573242,6,3,2,2,8.73
2012-03-08 07:00:00,194,123.59638,202.0,70.40361785888672,70.40361785888672,36.29052466952923,1.0,0.9122400101340277,0.0,7,3,3,3,16.18
2012-03-08 08:00:00,103,124.14898,222.0,-21.14897918701172,21.14897918701172,20.532989501953125,1.5,1.2893971651234415,62.07448959350586,8,3,2,4,32.96
2012-03-08 09:00:00,147,123.59638,125.0,23.40361785888672,23.40361785888672,15.92082847543314,1.5,1.4522503440374623,61.79819107055664,9,3,2,3,31.31
2012-03-08 10:00:00,215,124.14898,49.0,90.85102081298828,90.85102081298828,42.25628875022711,1.25,1.0669895418492181,31.03724479675293,10,3,4,1,16.83
2012-03-08 11:00:00,146,124.14898,90.0,21.85102081298828,21.85102081298828,14.966452611635809,1.25,1.138747410225553,31.03724479675293,11,3,1,4,25.97
2012-03-08 12:00:00,128,123.77107,86.0,4.2289276123046875,4.2289276123046875,3.303849697113037,1.0,0.8919926076084114,0.0,12,3,1,1,7.64
2012-03-08 13:00:00,98,123.77107,128.0,-25.771072387695312,25.771072387695312,26.297012640505418,1.0,0.8673014432518783,0.0,13,3,3,2,26.38
2012-03-08 14:00:00,62,124.14898,244.0,-62.14897918701172,62.14897918701172,100.24028901130922,1.25,1.102763091890225,31.03724479675293,14,3,4,4,34.19
2012-03-08 15:00:00,101,124.14898,202.0,-23.14897918701172,23.14897918701172,22.91978137327893,1.0,0.8257855065304784,0.0,15,3,1,4,21.12
2012-03-08 16:00:00,57,124.14898,171.0,-67.14897918701172,67.14897918701172,117.8052266438802,1.25,1.1751286613959173,31.03724479675293,16,3,4,4,19.95
2012-03-08 17:00:00,139,123.826065,106.0,15.173934936523438,15.173934936523438,10.916499954333409,1.25,1.061074078129435,30.95651626586914,17,3,1,1,10.62
2012-03-08 18:00:00,209,123.77107,134.0,85.22892761230469,85.22892761230469,40.779391202059664,1.5,1.23456398663523,61.885536193847656,18,3,4,1,24.01
2012-03-08 19:00:00,205,123.826065,139.0,81.17393493652344,81.17393493652344,39.59704143245046,1.0,0.8271533629136026,0.0,19,3,3,2,22.71
2012-03-08 20:00:00,151,124.14898,75.0,26.85102081298828,26.85102081298828,17.782132988733963,1.25,1.1719134359248373,31.03724479675293,20,3,2,3,24.56
2012-03-08 21:00:00,78,124.14898,15.0,-46.14897918701172,46.14897918701172,59.16535793206631,1.5,1.2311149362413458,62.07448959350586,21,3,3,3,5.78
2012-03-08 22:00:00,121,124.14898,54.0,-3.1489791870117188,3.1489791870117188,2.602462138026214,1.25,1.012573112103418,31.03724479675293,22,3,1,1,21.46
2012-03-08 23:00:00,74,124.14898,76.0,-50.14897918701172,50.14897918701172,67.76889079325909,1.0,0.7912619988037697,0.0,23,3,3,4,22.85
2012-03-09 00:00:00,234,121.32747,96.0,112.67253112792969,112.67253112792969,48.15065432817508,1.0,0.8082847424961969,0.0,0,4,2,3,11.23
2012-03-09 01:00:00,199,125.55689,94.0,73.44310760498047,73.44310760498047,36.906084223608275,1.0,0.8370476381367179,0.0,1,4,3,3,11.25
2012-03-09 02:00:00,132,124.02569,46.0,7.974311828613281,7.974311828613281,6.041145324707031,1.0,0.7825250633570185,0.0,2,4,1,1,13.29
2012-03-09 03:00:00,70,123.77107,57.0,-53.77107238769531,53.77107238769531,76.81581769670758,1.0,0.7856928553544744,0.0,3,4,1,2,26.35
2012-03-09 04:00:00,156,124.14898,201.0,31.85102081298828,31.85102081298828,20.417321033966846,1.0,0.9482659739068933,0.0,4,4,3,1,23.19
2012-03-09 05:00:00,43,123.59638,138.0,-80.59638214111328,80.59638214111328,187.43344683979834,1.25,1.0401276788061065,30.89909553527832,5,4,2,1,30.37
2012-03-09 06:00:00,202,123.826065,169.0,78.17393493652344,78.17393493652344,38.69996779035814,1.0,0.8562177605356892,0.0,6,4,3,4,13.87
2012-03-09 07:00:00,35,124.14898,139.0,-89.14897918701172,89.14897918701172,254.7113691057478,1.0,0.885557833762032,0.0,7,4,2,1,32.36
2012-03-09 08:00:00,94,123.826065,116.0,-29.826065063476562,29.826065063476562,31.729856450506983,1.25,1.0792495824522295,30.95651626586914,8,4,4,4,27.31
2012-03-09 09:00:00,78,124.14898,72.0,-46.14897918701172,46.14897918701172,59.16535793206631,1.5,1.2879446669018662,62.07448959350586,9,4,2,2,16.85
2012-03-09 10:00:00,199,122.07878,99.0,76.92121887207031,76.92121887207031,38.65387883018609,1.0,0.9017362233379075,0.0,10,4,4,4,7.86
2012-03-09 11:00:00,201,124.63607,189.0,76.36392974853516,76.36392974853516,37.992004850017494,1.25,1.1951513042639306,31.15901756286621,11,4,3,2,12.71
2012-03-09 12:00:00,147,122.90644,118.0,24.09355926513672,24.09355926513672,16.390176370841306,1.0,0.8234168329123113,0.0,12,4,2,2,33.7
2012-03-09 13:00:00,106,123.77107,175.0,-17.771072387695312,17.771072387695312,16.765162629901237,1.25,1.1735576511544885,30.942768096923828,13,4,4,2,14.31
2012-03-09 14:00:00,197,124.14898,197.0,72.85102081298828,72.85102081298828,36.98021361065395,1.5,1.265241999377367,62.07448959350586,14,4,4,1,14.9
2012-03-09 15:00:00,154,124.14898,70.0,29.85102081298828,29.85102081298828,19.383779748693687,1.0,0.8274263769662513,0.0,15,4,4,4,10.69
2012-03-09 16:00:00,163,124.14898,103.0,38.85102081298828,38.85102081298828,23.83498209385784,1.25,1.169303373594718,31.03724479675293,16,4,1,3,29.21
2012-03-09 17:00:00,23,124.14898,138.0,-101.14897918701172,101.14897918701172,439.7781703783118,1.25,1.114072036259303,31.03724479675293,17,4,3,1,13.27
2012-03-09 18:00:00,213,124.35395,162.0,88.64604949951172,88.64604949951172,41.61786361479423,1.0,0.9126921810102466,0.0,18,4,4,2,14.91
2012-03-09 19:00:00,93,125.55689,110.0,-32.55689239501953,32.55689239501953,35.00741117744035,1.0,0.8090450480901002,0.0,19,4,2,3,17.43
2012-03-09 20:00:00,116,123.826065,42.0,-7.8260650634765625,7.8260650634765625,6.746607813341863,1.25,1.177071834778781,30.95651626586914,20,4,4,1,18.01
2012-03-09 21:00:00,85,124.14898,50.0,-39.14897918701172,39.14897918701172,46.05762257295496,1.25,1.113882392584946,31.03724479675293,21,4,1,3,17.34
2012-03-09 22:00:00,141,124.63607,199.0,16.363929748535156,16.363929748535156,11.605623935131316,1.0,0.8764118800739255,0.0,22,4,3,2,20.11
2012-03-09 23:00:00,224,124.14898,225.0,99.85102081298828,99.85102081298828,44.57634857722691,1.0,0.7963465872174397,0.0,23,4,1,3,29.44
2012-03-10 00:00:00,109,123.80715,181.0,-14.807151794433594,14.807151794433594,13.584542930673022,1.0,0.9460030158210028,0.0,0,5,1,3,29.58
2012-03-10 01:00:00,166,124.14898,40.0,41.85102081298828,41.85102081298828,25.21145832107728,1.5,1.213776725823028,62.07448959350586,1,5,1,2,28.95
2012-03-10 02:00:00,99,124.14898,179.0,-25.14897918701172,25.14897918701172,25.40300927980982,1.5,1.339238133369785,62.07448959350586,2,5,2,3,8.03
2012-03-10 03:00:00,45,124.14898,159.0,-79.14897918701172,79.14897918701172,175.8866204155816,1.25,1.1742750518150522,31.03724479675293,3,5,3,1,28.99
2012-03-10 04:00:00,150,124.14898,93.0,25.85102081298828,25.85102081298828,17.23401387532552,1.5,1.2593838441017136,62.07448959350586,4,5,3,3,8.61
2012-03-10 05:00:00,64,124.14898,202.0,-60.14897918701172,60.14897918701172,93.98277997970581,1.0,0.9303292255658295,0.0,5,5,2,4,8.74
2012-03-10 06:00:00,24,123.13767,208.0,-99.1376724243164,99.1376724243164,413.07363510131836,1.5,1.2512486130332097,61.5688362121582,6,5,3,1,33.44
2012-03-10 07:00:00,71,124.14898,149.0,-53.14897918701172,53.14897918701172,74.85771716480524,1.25,1.068346180429657,31.03724479675293,7,5,1,3,29.58
2012-03-10 08:00:00,170,123.826065,217.0,46.17393493652344,46.17393493652344,27.161138197954966,1.0,0.9581580493734312,0.0,8,5,3,4,21.57
2012-03-10 09:00:00,120,123.28505,136.0,-3.2850494384765625,3.2850494384765625,2.7375411987304688,1.0,0.9832271051918142,0.0,9,5,2,4,31.25
2012-03-10 10:00:00,136,123.13767,164.0,12.862327575683594,12.862327575683594,9.4575938056497,1.25,1.199561112939078,30.7844181060791,10,5,1,4,34.68
2012-03-10 11:00:00,213,124.14898,160.0,88.85102081298828,88.85102081298828,41.71409427839826,1.0,0.896133995603,0.0,11,5,2,3,23.32
2012-03-10 12:00:00,166,124.14898,122.0,41.85102081298828,41.85102081298828,25.21145832107728,1.0,0.9300175697018435,0.0,12,5,4,2,23.39
2012-03-10 13:00:00,239,124.14898,155.0,114.85102081298828,114.85102081298828,48.05482042384447,1.0,0.914033031973215,0.0,13,5,1,4,27.63
2012-03-10 14:00:00,208,123.59638,112.0,84.40361785888672,84.40361785888672,40.578662432157074,1.5,1.2181247129438046,61.79819107055664,14,5,1,2,11.96
2012-03-10 15:00:00,134,124.14898,54.0,9.851020812988281,9.851020812988281,7.35150806939424,1.5,1.2251992009400934,62.07448959350586,15,5,3,1,10.01
2012-03-10 16:00:00,112,124.35395,234.0,-12.353950500488281,12.353950500488281,11.030312946864537,1.0,0.808474421483925,0.0,16,5,1,2,27.79
2012-03-10 17:00:00,170,124.14898,42.0,45.85102081298828,45.85102081298828,26.97118871352252,1.25,1.0621915215912163,31.03724479675293,17,5,2,2,15.35
2012-03-10 18:00:00,52,124.14898,199.0,-72.14897918701172,72.14897918701172,138.74803689809946,1.25,1.072040342677616,31.03724479675293,18,5,3,2,9.05
2012-03-10 19:00:00,125,124.14898,122.0,0.8510208129882812,0.8510208129882812,0.680816650390625,1.25,1.0155628847941638,31.03724479675293,19,5,4,2,14.45
2012-03-10 20:00:00,177,124.14898,26.0,52.85102081298828,52.85102081298828,29.859333792648744,1.0,0.9202851897900218,0.0,20,5,2,2,15.76
2012-03-10 21:00:00,73,125.56709,55.0,-52.56709289550781,52.56709289550781,72.00971629521618,1.0,0.7995787899435995,0.0,21,5,4,1,33.96
2012-03-10 22:00:00,21,124.14898,139.0,-103.14897918701172,103.14897918701172,491.18561517624624,1.25,1.1083925027298864,31.03724479675293,22,5,4,1,25.94
2012-03-10 23:00:00,61,124.464584,227.0,-63.46458435058594,63.46458435058594,104.0403022140753,1.0,0.837615110931784,0.0,23,5,4,2,20.93
2012-03-11 00:00:00,25,125.56709,55.0,-100.56709289550781,100.56709289550781,402.2683715820312,1.5,1.45612581255829,62.783546447753906,0,6,1,2,34.07
2012-03-11 01:00:00,186,123.826065,155.0,62.17393493652344,62.17393493652344,33.42684674006636,1.25,1.0776046820313865,30.95651626586914,1,6,2,4,32.09
2012-03-11 02:00:00,129,123.826065,59.0,5.1739349365234375,5.1739349365234375,4.010802276374758,1.25,1.0285761296456744,30.95651626586914,2,6,2,1,20.36
2012-03-11 03:00:00,133,123.826065,218.0,9.173934936523438,9.173934936523438,6.897695440995067,1.5,1.3747531785925184,61.91303253173828,3,6,1,3,32.17
2012-03-11 04:00:00,215,124.14898,117.0,90.85102081298828,90.85102081298828,42.25628875022711,1.5,1.3074435451544748,62.07448959350586,4,6,3,1,17.13
2012-03-11 05:00:00,92,125.55689,102.0,-33.55689239501953,33.55689239501953,36.47488303806471,1.25,1.0955697092757357,31.389223098754883,5,6,4,3,11.91
2012-03-11 06:00:00,199,124.14898,218.0,74.85102081298828,74.85102081298828,37.61357829798406,1.0,0.8251683346985088,0.0,6,6,2,4,11.98
2012-03-11 07:00:00,82,123.77107,44.0,-41.77107238769531,41.77107238769531,50.94033218011623,1.0,0.922341245764979,0.0,7,6,1,2,24.87
2012-03-11 08:00:00,51,124.63607,144.0,-73.63607025146484,73.63607025146484,144.38445147346047,1.0,0.7919341638922622,0.0,8,6,4,4,20.03
2012-03-11 09:00:00,42,124.14898,117.0,-82.14897918701172,82.14897918701172,195.59280758812315,1.0,0.866734958136275,0.0,9,6,3,2,24.77
2012-03-11 10:00:00,97,123.80715,136.0,-26.807151794433594,26.807151794433594,27.636238963333604,1.25,1.0464957630081553,30.9517879486084,10,6,3,1,25.58
2012-03-11 11:00:00,162,122.07878,52.0,39.92121887207031,39.92121887207031,24.642727698808837,1.0,0.8934418930283077,0.0,11,6,4,2,5.67
2012-03-11 12:00:00,53,122.691574,106.0,-69.69157409667969,69.69157409667969,131.4935360314711,1.5,1.407539290934159,61.345787048339844,12,6,3,3,6.62
2012-03-11 13:00:00,52,124.14898,64.0,-72.14897918701172,72.14897918701172,138.74803689809946,1.5,1.3913657826381087,62.07448959350586,13,6,2,3,20.98
2012-03-11 14:00:00,83,124.14898,64.0,-41.14897918701172,41.14897918701172,49.57708335784544,1.25,1.0082798579723036,31.03724479675293,14,6,2,4,10.73
2012-03-11 15:00:00,47,123.826065,129.0,-76.82606506347656,76.82606506347656,163.45971290101394,1.25,1.0710902479686837,30.95651626586914,15,6,2,1,23.98
2012-03-11 16:00:00,107,123.826065,68.0,-16.826065063476562,16.826065063476562,15.725294451847255,1.5,1.492625577092586,61.91303253173828,16,6,3,3,21.57
2012-03-11 17:00:00,170,123.80715,36.0,46.192848205566406,46.192848205566406,27.17226365033318,1.5,1.264549825707802,61.9035758972168,17,6,2,4,22.57
2012-03-11 18:00:00,161,123.826065,94.0,37.17393493652344,37.17393493652344,23.089400581691578,1.5,1.2173021297002733,61.91303253173828,18,6,1,1,14.07
2012-03-11 19:00:00,3,124.14898,38.0,-121.14897918701172,121.14897918701172,4038.299306233724,1.25,1.033344113817115,31.03724479675293,19,6,2,1,24.2
2012-03-11 20:00:00,146,124.14898,80.0,21.85102081298828,21.85102081298828,14.966452611635809,1.5,1.2288119272676734,62.07448959350586,20,6,2,4,29.88
2012-03-11 21:00:00,246,124.14898,108.0,121.85102081298828,121.85102081298828,49.532935289832636,1.5,1.3755973347052934,62.07448959350586,21,6,3,3,34.94
2012-03-11 22:00:00,107,123.28505,157.0,-16.285049438476562,16.285049438476562,15.219672372408002,1.5,1.3013807424971342,61.64252471923828,22,6,2,3,30.15
2012-03-11 23:00:00,83,124.14898,192.0,-41.14897918701172,41.14897918701172,49.57708335784544,1.5,1.2320538897993687,62.07448959350586,23,6,4,4,21.72
2012-03-12 00:00:00,163,124.14898,211.0,38.85102081298828,38.85102081298828,23.83498209385784,1.25,1.0872958843619303,31.03724479675293,0,0,1,3,10.8
2012-03-12 01:00:00,191,123.12061,172.0,67.87938690185547,67.87938690185547,35.53894602191386,1.0,0.927843578118215,0.0,1,0,3,4,25.44
2012-03-12 02:00:00,16,122.90644,135.0,-106.90644073486328,106.90644073486328,668.1652545928955,1.25,1.1308531505041317,30.72661018371582,2,0,1,3,33.13
2012-03-12 03:00:00,194,124.35395,149.0,69.64604949951172,69.64604949951172,35.90002551521223,1.5,1.341100468257104,62.17697525024414,3,0,4,3,11.36
2012-03-12 04:00:00,56,123.12061,80.0,-67.12061309814453,67.12061309814453,119.8582376752581,1.5,1.3073420708314616,61.560306549072266,4,0,3,4,12.68
2012-03-12 05:00:00,66,123.826065,165.0,-57.82606506347656,57.82606506347656,87.61525009617661,1.25,1.0640120192795135,30.95651626586914,5,0,3,4,9.47
2012-03-12 06:00:00,193,124.464584,135.0,68.53541564941406,68.53541564941406,35.51057805669122,1.25,1.0459029868013698,31.116146087646484,6,0,2,3,27.1
2012-03-12 07:00:00,46,123.28505,126.0,-77.28504943847656,77.28504943847656,168.01097704016644,1.75,1.5290892567159404,92.46378707885742,7,0,1,4,17.2
2012-03-12 08:00:00,137,123.675514,55.0,13.324485778808594,13.324485778808594,9.725902028327441,1.75,1.596788886825552,92.75663566589355,8,0,4,3,6.88
2012-03-12 09:00:00,192,124.14898,54.0,67.85102081298828,67.85102081298828,35.33907334009807,1.25,1.1399814209529895,31.03724479675293,9,0,4,2,31.25
2012-03-12 10:00:00,189,123.826065,127.0,65.17393493652344,65.17393493652344,34.48356345847801,1.5,1.3872624466000085,61.91303253173828,10,0,3,1,21.73
2012-03-12 11:00:00,137,124.14898,129.0,12.851020812988281,12.851020812988281,9.380307162765169,1.0,0.9356180207611616,0.0,11,0,2,1,14.93
2012-03-12 12:00:00,76,124.14898,35.0,-48.14897918701172,48.14897918701172,63.353919982910156,1.5,1.2276961639069088,62.07448959350586,12,0,3,3,15.32
2012-03-12 13:00:00,100,124.14898,81.0,-24.14897918701172,24.14897918701172,24.14897918701172,1.5,1.3491345383513236,62.07448959350586,13,0,3,1,13.71
2012-03-12 14:00:00,75,124.14898,52.0,-49.14897918701172,49.14897918701172,65.53197224934895,1.0,0.8826144913029149,0.0,14,0,3,3,18.66
2012-03-12 15:00:00,108,125.2817,66.0,-17.281700134277344,17.281700134277344,16.001574198404946,1.5,1.324095393498315,62.64085006713867,15,0,3,4,15.11
2012-03-12 16:00:00,69,124.14898,206.0,-55.14897918701172,55.14897918701172,79.92605679277061,1.25,1.1941849217565967,31.03724479675293,16,0,4,2,21.44
2012-03-12 17:00:00,129,124.02569,104.0,4.974311828613281,4.974311828613281,3.8560556810955666,1.5,1.3104865183365142,62.01284408569336,17,0,4,1,28.21
2012-03-12 18:00:00,74,124.35395,214.0,-50.35395050048828,50.35395050048828,68.0458790547139,1.5,1.3661647905848384,62.17697525024414,18,0,3,1,25.23
2012-03-12 19:00:00,53,123.826065,146.0,-70.82606506347656,70.82606506347656,133.63408502542748,1.5,1.4958113672021984,61.91303253173828,19,0,3,4,13.83
2012-03-12 20:00:00,42,124.14898,100.0,-82.14897918701172,82.14897918701172,195.59280758812315,1.5,1.4386942036646038,62.07448959350586,20,0,2,2,20.86
2012-03-12 21:00:00,203,124.02569,92.0,78.97431182861328,78.97431182861328,38.90360188601639,1.5,1.3788078496467608,62.01284408569336,21,0,3,2,30.2
2012-03-12 22:00:00,223,121.543915,95.0,101.45608520507812,101.45608520507812,45.49600233411575,1.5,1.4872768434805455,60.77195739746094,22,0,4,2,7.05
2012-03-12 23:00:00,84,123.675514,170.0,-39.675514221191406,39.675514221191406,47.23275502522786,1.25,1.059116986868042,30.91887855529785,23,0,1,4,7.35
2012-03-13 00:00:00,163,123.59638,128.0,39.40361785888672,39.40361785888672,24.17399868643357,1.25,1.0125158865543789,30.89909553527832,0,1,4,1,21.69
2012-03-13 01:00:00,102,124.14898,219.0,-22.14897918701172,22.14897918701172,21.71468547746247,1.25,1.1798281934476367,31.03724479675293,1,1,2,1,24.17
2012-03-13 02:00:00,207,121.32747,115.0,85.67253112792969,85.67253112792969,41.387696197067484,1.5,1.243066401006517,60.663734436035156,2,1,4,2,11.34
2012-03-13 03:00:00,20,124.14898,161.0,-104.14897918701172,104.14897918701172,520.7448959350586,1.25,1.0722897208878417,31.03724479675293,3,1,1,4,27.36
2012-03-13 04:00:00,209,124.14898,153.0,84.85102081298828,84.85102081298828,40.59857455166904,1.0,0.9545923261590672,0.0,4,1,3,4,24.39
2012-03-13 05:00:00,161,124.14898,128.0,36.85102081298828,36.85102081298828,22.88883280309831,1.0,0.9137660232261403,0.0,5,1,1,4,32.7
2012-03-13 06:00:00,88,123.826065,139.0,-35.82606506347656,35.82606506347656,40.71143757213246,1.5,1.376202793564744,61.91303253173828,6,1,3,2,10.07
2012-03-13 07:00:00,118,124.14898,49.0,-6.148979187011719,6.148979187011719,5.21099931102688,1.5,1.3051753017757206,62.07448959350586,7,1,3,4,27.54
2012-03-13 08:00:00,174,123.59638,100.0,50.40361785888672,50.40361785888672,28.967596470624553,1.5,1.224957558961713,61.79819107055664,8,1,4,2,7.51
2012-03-13 09:00:00,60,123.59638,2.0,-63.59638214111328,63.59638214111328,105.9939702351888,1.5,1.2005561254466812,61.79819107055664,9,1,4,2,21.96
2012-03-13 10:00:00,167,123.12061,180.0,43.87938690185547,43.87938690185547,26.275081977158965,1.25,1.0467937210325793,30.780153274536133,10,1,4,2,21.56
2012-03-13 11:00:00,138,124.14898,225.0,13.851020812988281,13.851020812988281,10.036971603614697,1.25,1.154467518204333,31.03724479675293,11,1,2,3,16.65
2012-03-13 12:00:00,116,123.826065,71.0,-7.8260650634765625,7.8260650634765625,6.746607813341863,1.5,1.4425534248729335,61.91303253173828,12,1,4,2,30.34
2012-03-13 13:00:00,125,124.35395,52.0,0.6460494995117188,0.6460494995117188,0.516839599609375,1.25,1.167339118788817,31.08848762512207,13,1,2,4,5.13
2012-03-13 14:00:00,162,124.14898,106.0,37.85102081298828,37.85102081298828,23.364827662338445,1.25,1.0652233790897674,31.03724479675293,14,1,4,3,20.61
2012-03-13 15:00:00,212,124.35395,125.0,87.64604949951172,87.64604949951172,41.342476179014966,1.5,1.3271772919036258,62.17697525024414,15,1,3,1,11.51
2012-03-13 16:00:00,28,124.14898,204.0,-96.14897918701172,96.14897918701172,343.3892113821847,1.0,0.8609638492295926,0.0,16,1,2,1,27.3
2012-03-13 17:00:00,177,124.14898,181.0,52.85102081298828,52.85102081298828,29.859333792648744,1.5,1.3421210834945205,62.07448959350586,17,1,1,4,6.29
2012-03-13 18:00:00,200,124.14898,65.0,75.85102081298828,75.85102081298828,37.92551040649414,1.0,0.825257577110064,0.0,18,1,2,4,29.95
2012-03-13 19:00:00,57,123.826065,199.0,-66.82606506347656,66.82606506347656,117.2387106376782,1.5,1.2267259323410253,61.91303253173828,19,1,2,4,30.14
2012-03-13 20:00:00,76,127.13001,149.0,-51.13001251220703,51.13001251220703,67.276332252904,1.0,0.8405048648579397,0.0,20,1,1,4,29.99
2012-03-13 21:00:00,33,124.14898,182.0,-91.14897918701172,91.14897918701172,276.20902783942944,1.0,0.7914219914084315,0.0,21,1,2,3,9.58
2012-03-13 22:00:00,191,123.826065,115.0,67.17393493652344,67.17393493652344,35.16959944320599,1.0,0.8057364420936005,0.0,22,1,3,4,23.91
2012-03-13 23:00:00,108,125.077805,129.0,-17.077804565429688,17.077804565429688,15.81278200502749,1.0,0.8886765346692085,0.0,23,1,4,2,5.43
2012-03-14 00:00:00,86,123.826065,90.0,-37.82606506347656,37.82606506347656,43.983796585437865,1.0,0.8819854613134749,0.0,0,2,1,1,30.44
2012-03-14 01:00:00,30,124.14898,52.0,-94.14897918701172,94.14897918701172,313.82993062337243,1.0,0.9676951505137147,0.0,1,2,4,4,26.69
2012-03-14 02:00:00,163,124.35395,149.0,38.64604949951172,38.64604949951172,23.70923282178633,1.0,0.9307950353077077,0.0,2,2,3,2,20.93
2012-03-14 03:00:00,100,122.90644,23.0,-22.90644073486328,22.90644073486328,22.90644073486328,1.5,1.3261296813829953,61.45322036743164,3,2,1,4,26.92
2012-03-14 04:00:00,66,125.077805,90.0,-59.07780456542969,59.07780456542969,89.51182509913589,1.25,1.0409511969636909,31.269451141357422,4,2,4,2,7.83
2012-03-14 05:00:00,67,124.464584,19.0,-57.46458435058594,57.46458435058594,85.76803634415812,1.25,1.1004955818357056,31.116146087646484,5,2,4,3,20.86
2012-03-14 06:00:00,176,124.14898,23.0,51.85102081298828,51.85102081298828,29.460807280106977,1.0,0.9626652656020908,0.0,6,2,3,1,13.74
2012-03-14 07:00:00,184,125.56709,167.0,58.43290710449219,58.43290710449219,31.757014730702277,1.25,1.143311469199049,31.391773223876953,7,2,4,1,34.18
2012-03-14 08:00:00,126,123.826065,96.0,2.1739349365234375,2.1739349365234375,1.7253451877170138,1.25,1.1497270718177832,30.95651626586914,8,2,3,3,30.71
2012-03-14 09:00:00,61,124.14898,132.0,-63.14897918701172,63.14897918701172,103.52291670001921,1.25,1.0259051803549273,31.03724479675293,9,2,2,2,27.0
2012-03-14 10:00:00,68,124.14898,117.0,-56.14897918701172,56.14897918701172,82.5720282161937,1.5,1.2551515962221624,62.07448959350586,10,2,3,4,33.01
2012-03-14 11:00:00,46,124.14898,114.0,-78.14897918701172,78.14897918701172,169.8890851891559,1.5,1.4073311187184188,62.07448959350586,11,2,2,2,15.41
2012-03-14 12:00:00,53,123.28505,13.0,-70.28504943847656,70.28504943847656,132.61330082731428,1.25,1.185576188645857,30.82126235961914,12,2,1,1,32.03
2012-03-14 13:00:00,151,123.28505,53.0,27.714950561523438,27.714950561523438,18.354271895048633,1.5,1.2551216044615965,61.64252471923828,13,2,4,3,14.76
2012-03-14 14:00:00,31,123.826065,142.0,-92.82606506347656,92.82606506347656,299.4389195596018,1.5,1.389039170031474,61.91303253173828,14,2,3,3,26.98
2012-03-14 15:00:00,101,123.826065,169.0,-22.826065063476562,22.826065063476562,22.600064419283726,1.5,1.3504908252895216,61.91303253173828,15,2,3,2,27.09
2012-03-14 16:00:00,155,124.35395,131.0,30.64604949951172,30.64604949951172,19.771644838394657,1.5,1.420427860998264,62.17697525024414,16,2,4,2,5.55
2012-03-14 17:00:00,72,123.826065,158.0,-51.82606506347656,51.82606506347656,71.98064592149522,1.5,1.3729518352378722,61.91303253173828,17,2,4,3,15.83
2012-03-14 18:00:00,143,124.35395,39.0,18.64604949951172,18.64604949951172,13.039195454204,1.5,1.3970740893376972,62.17697525024414,18,2,1,1,5.58
2012-03-14 19:00:00,128,121.38071,31.0,6.619293212890625,6.619293212890625,5.171322822570801,1.25,1.191715053770137,30.345176696777344,19,2,1,4,34.91
2012-03-14 20:00:00,98,124.02569,51.0,-26.02568817138672,26.02568817138672,26.556824664680324,1.5,1.452732053619446,62.01284408569336,20,2,3,4,8.67
2012-03-14 21:00:00,91,127.13001,221.0,-36.13001251220703,36.13001251220703,39.70331045297476,1.25,1.0660487104138006,31.782503128051758,21,2,1,2,21.28
2012-03-14 22:00:00,26,124.14898,180.0,-98.14897918701172,98.14897918701172,377.4960737961989,1.25,1.0311219448866331,31.03724479675293,22,2,2,3,28.72
2012-03-14 23:00:00,173,124.14898,78.0,48.85102081298828,48.85102081298828,28.237584284964324,1.5,1.3597540310366016,62.07448959350586,23,2,1,3,11.04
2012-03-15 00:00:00,128,124.63607,27.0,3.3639297485351562,3.3639297485351562,2.628070116043091,1.5,1.445256587037607,62.31803512573242,0,3,1,3,19.55
2012-03-15 01:00:00,50,123.826065,229.0,-73.82606506347656,73.82606506347656,147.65213012695312,1.5,1.2601412757044999,61.91303253173828,1,3,3,1,23.22
2012-03-15 02:00:00,107,124.14898,156.0,-17.14897918701172,17.14897918701172,16.0270833523474,1.25,1.07863537355722,31.03724479675293,2,3,2,2,9.81
2012-03-15 03:00:00,16,123.59638,92.0,-107.59638214111328,107.59638214111328,672.477388381958,1.5,1.2037968144499056,61.79819107055664,3,3,1,2,28.36
2012-03-15 04:00:00,123,123.826065,107.0,-0.8260650634765625,0.8260650634765625,0.6715976125825711,1.25,1.163693164768224,30.95651626586914,4,3,2,2,13.98
2012-03-15 05:00:00,89,124.14898,171.0,-35.14897918701172,35.14897918701172,39.4932350415862,1.5,1.2987759064109388,62.07448959350586,5,3,2,1,11.33
2012-03-15 06:00:00,174,123.826065,134.0,50.17393493652344,50.17393493652344,28.83559479110542,1.5,1.220244092415925,61.91303253173828,6,3,2,2,21.75
2012-03-15 07:00:00,48,124.14898,194.0,-76.14897918701172,76.14897918701172,158.64370663960773,1.5,1.4745101513767984,62.07448959350586,7,3,4,4,17.31
2012-03-15 08:00:00,222,125.07327,103.0,96.92672729492188,96.92672729492188,43.66068797068553,1.5,1.2453908408534824,62.53663635253906,8,3,4,2,32.61
2012-03-15 09:00:00,230,125.55689,147.0,104.44310760498047,104.44310760498047,45.41004678477412,1.75,1.5977291390774069,94.16766929626465,9,3,4,2,31.4
2012-03-15 10:00:00,168,123.826065,215.0,44.17393493652344,44.17393493652344,26.29400889078776,1.25,1.124589130812254,30.95651626586914,10,3,4,2,19.5
2012-03-15 11:00:00,212,124.14898,146.0,87.85102081298828,87.85102081298828,41.43916076084353,1.25,1.0049385406320799,31.03724479675293,11,3,3,1,15.78
2012-03-15 12:00:00,206,124.14898,128.0,81.85102081298828,81.85102081298828,39.73350524902344,1.5,1.394594535602774,62.07448959350586,12,3,1,4,14.77
2012-03-15 13:00:00,197,124.14898,98.0,72.85102081298828,72.85102081298828,36.98021361065395,1.25,1.0055423747532726,31.03724479675293,13,3,4,4,13.03
2012-03-15 14:00:00,148,125.07327,62.0,22.926727294921875,22.926727294921875,15.491031956028294,1.5,1.343866573401943,62.53663635253906,14,3,3,3,21.34
2012-03-15 15:00:00,74,124.14898,101.0,-50.14897918701172,50.14897918701172,67.76889079325909,1.0,0.9028541950443623,0.0,15,3,1,3,29.15
2012-03-15 16:00:00,222,123.59638,57.0,98.40361785888672,98.40361785888672,44.325953990489516,1.5,1.2983750527283893,61.79819107055664,16,3,4,4,14.32
2012-03-15 17:00:00,176,124.14898,139.0,51.85102081298828,51.85102081298828,29.460807280106977,1.0,0.8111517136366188,0.0,17,3,1,2,10.7
2012-03-15 18:00:00,109,124.02569,209.0,-15.025688171386719,15.025688171386719,13.785035019620842,1.25,1.1918292909032882,31.00642204284668,18,3,4,2,19.26
2012-03-15 19:00:00,183,123.59638,205.0,59.40361785888672,59.40361785888672,32.46099336551187,1.0,0.7822762137884225,0.0,19,3,3,2,7.07
2012-03-15 20:00:00,214,124.35395,151.0,89.64604949951172,89.64604949951172,41.89067733622043,1.0,0.8293844400128244,0.0,20,3,2,1,26.04
2012-03-15 21:00:00,197,125.55689,78.0,71.44310760498047,71.44310760498047,36.265536855320036,1.0,0.8927686942051016,0.0,21,3,2,2,20.55
2012-03-15 22:00:00,110,124.14898,121.0,-14.148979187011719,14.148979187011719,12.862708351828836,1.0,0.7818639839121467,0.0,22,3,1,1,19.89
2012-03-15 23:00:00,82,124.14898,74.0,-42.14897918701172,42.14897918701172,51.40119413050209,1.0,0.7591535628287976,0.0,23,3,3,4,14.01
2012-03-16 00:00:00,105,124.14898,234.0,-19.14897918701172,19.14897918701172,18.237123035249255,1.0,0.7288675077608107,0.0,0,4,2,2,32.14
2012-03-16 01:00:00,31,124.35395,199.0,-93.35395050048828,93.35395050048828,301.14177580802675,1.25,1.0427980239936707,31.08848762512207,1,4,4,2,7.71
2012-03-16 02:00:00,76,122.90644,132.0,-46.90644073486328,46.90644073486328,61.71900096692538,1.0,0.8610120258838801,0.0,2,4,2,3,31.09
2012-03-16 03:00:00,134,124.14898,70.0,9.851020812988281,9.851020812988281,7.35150806939424,1.25,1.168207213429774,31.03724479675293,3,4,1,4,16.3
2012-03-16 04:00:00,102,123.28505,156.0,-21.285049438476562,21.285049438476562,20.867695527918197,1.0,0.8314779250523681,0.0,4,4,1,2,31.42
2012-03-16 05:00:00,178,124.02569,43.0,53.97431182861328,53.97431182861328,30.322647094726562,1.25,1.0797241309052854,31.00642204284668,5,4,3,1,26.86
2012-03-16 06:00:00,45,124.14898,202.0,-79.14897918701172,79.14897918701172,175.8866204155816,1.0,0.8428913409205608,0.0,6,4,1,4,8.13
2012-03-16 07:00:00,91,124.14898,35.0,-33.14897918701172,33.14897918701172,36.42744965605683,1.0,0.87092022860091,0.0,7,4,2,3,29.95
2012-03-16 08:00:00,97,124.14898,94.0,-27.14897918701172,27.14897918701172,27.988638337125483,1.0,0.9093303766881046,0.0,8,4,2,4,25.47
2012-03-16 09:00:00,219,125.077805,78.0,93.92219543457031,93.92219543457031,42.8868472303974,1.0,0.9219559569547976,0.0,9,4,2,1,5.97
2012-03-16 10:00:00,144,125.55689,199.0,18.44310760498047,18.44310760498047,12.80771361456977,1.0,0.8249687093495842,0.0,10,4,2,3,9.01
2012-03-16 11:00:00,143,123.59638,201.0,19.40361785888672,19.40361785888672,13.568963537683022,1.0,0.8047656455044829,0.0,11,4,3,1,24.07
2012-03-16 12:00:00,9,124.35395,147.0,-115.35395050048828,115.35395050048828,1281.7105611165366,1.0,0.9608899278554855,0.0,12,4,4,4,24.88
2012-03-16 13:00:00,40,124.14898,106.0,-84.14897918701172,84.14897918701172,210.3724479675293,1.0,0.9657100808412317,0.0,13,4,4,3,27.4
2012-03-16 14:00:00,55,124.464584,197.0,-69.46458435058594,69.46458435058594,126.29924427379262,1.0,0.8749462494942402,0.0,14,4,3,1,26.61
2012-03-16 15:00:00,84,123.826065,154.0,-39.82606506347656,39.82606506347656,47.411982218424484,1.5,1.3790487560537648,61.91303253173828,15,4,1,4,24.79
2012-03-16 16:00:00,46,123.826065,163.0,-77.82606506347656,77.82606506347656,169.1870979640795,1.5,1.3765854808469773,61.91303253173828,16,4,4,1,27.99
2012-03-16 17:00:00,60,123.826065,23.0,-63.82606506347656,63.82606506347656,106.37677510579427,1.5,1.4963185307856586,61.91303253173828,17,4,1,2,22.25
2012-03-16 18:00:00,78,123.80715,213.0,-45.807151794433594,45.807151794433594,58.72711768517127,1.25,1.13070563955173,30.9517879486084,18,4,4,4,12.82
2012-03-16 19:00:00,182,123.826065,93.0,58.17393493652344,58.17393493652344,31.96370051457332,1.5,1.2953791126386531,61.91303253173828,19,4,1,3,32.37
2012-03-16 20:00:00,62,125.077805,116.0,-63.07780456542969,63.07780456542969,101.73839446037047,1.25,1.0948450553505216,31.269451141357422,20,4,3,3,5.55
2012-03-16 21:00:00,87,123.80715,85.0,-36.807151794433594,36.807151794433594,42.30707102808459,1.5,1.2106260085230995,61.9035758972168,21,4,2,2,16.0
2012-03-16 22:00:00,107,123.59638,141.0,-16.59638214111328,16.59638214111328,15.510637515059141,1.75,1.5141893923753804,92.69728660583496,22,4,1,1,26.87
2012-03-16 23:00:00,71,123.28505,224.0,-52.28504943847656,52.28504943847656,73.64091470207967,1.25,1.140777114485675,30.82126235961914,23,4,2,1,17.81
2012-03-17 00:00:00,192,124.63607,109.0,67.36392974853516,67.36392974853516,35.08538007736206,1.5,1.2317218925135986,62.31803512573242,0,5,1,3,5.75
2012-03-17 01:00:00,222,124.35395,166.0,97.64604949951172,97.64604949951172,43.98470698176203,1.75,1.5315476786498556,93.26546287536621,1,5,1,1,6.98
2012-03-17 02:00:00,204,124.02569,99.0,79.97431182861328,79.97431182861328,39.20309403363396,1.5,1.336957739002428,62.01284408569336,2,5,1,4,24.46
2012-03-17 03:00:00,55,121.38071,45.0,-66.38070678710938,66.38070678710938,120.69219415838069,1.5,1.2814306098882478,60.69035339355469,3,5,1,4,33.95
2012-03-17 04:00:00,173,124.14898,150.0,48.85102081298828,48.85102081298828,28.237584284964324,1.5,1.486912517949236,62.07448959350586,4,5,1,3,21.56
2012-03-17 05:00:00,95,124.14898,64.0,-29.14897918701172,29.14897918701172,30.683135986328125,1.5,1.4561722906781343,62.07448959350586,5,5,2,4,20.2
2012-03-17 06:00:00,188,123.28505,24.0,64.71495056152344,64.71495056152344,34.42284604336353,1.0,0.9891121521020871,0.0,6,5,1,3,14.55
2012-03-17 07:00:00,209,123.59638,71.0,85.40361785888672,85.40361785888672,40.86297505209891,1.25,1.193761248402068,30.89909553527832,7,5,2,1,12.7
2012-03-17 08:00:00,163,124.14898,170.0,38.85102081298828,38.85102081298828,23.83498209385784,1.25,1.1841266182111316,31.03724479675293,8,5,3,1,5.63
2012-03-17 09:00:00,193,124.14898,120.0,68.85102081298828,68.85102081298828,35.67410404818045,1.0,0.9688837785870766,0.0,9,5,4,1,13.19
2012-03-17 10:00:00,109,124.14898,136.0,-15.148979187011719,15.148979187011719,13.898146043130016,1.25,1.0661395629063124,31.03724479675293,10,5,1,2,18.47
2012-03-17 11:00:00,63,124.14898,213.0,-61.14897918701172,61.14897918701172,97.06187172541543,1.0,0.9023182028742203,0.0,11,5,4,3,10.94
2012-03-17 12:00:00,215,124.14898,166.0,90.85102081298828,90.85102081298828,42.25628875022711,1.0,0.9949681495083887,0.0,12,5,2,4,7.62
2012-03-17 13:00:00,6,124.14898,239.0,-118.14897918701172,118.14897918701172,1969.149653116862,1.25,1.0737637891644376,31.03724479675293,13,5,3,1,26.53
2012-03-17 14:00:00,198,123.826065,208.0,74.17393493652344,74.17393493652344,37.461583301274466,1.25,1.1462737791287896,30.95651626586914,14,5,3,2,31.84
2012-03-17 15:00:00,120,124.35395,134.0,-4.353950500488281,4.353950500488281,3.6282920837402344,1.0,0.8167897160529881,0.0,15,5,3,4,33.1
2012-03-17 16:00:00,36,123.28505,112.0,-87.28504943847656,87.28504943847656,242.4584706624349,1.0,0.9019728144701673,0.0,16,5,4,4,23.54
2012-03-17 17:00:00,11,124.14898,170.0,-113.14897918701172,113.14897918701172,1028.6270835182884,1.0,0.8207644017664765,0.0,17,5,2,4,6.58
2012-03-17 18:00:00,136,124.592316,52.0,11.407684326171875,11.407684326171875,8.388003181008731,1.5,1.2959645613738218,62.29615783691406,18,5,1,1,27.23
2012-03-17 19:00:00,179,125.077805,125.0,53.92219543457031,53.92219543457031,30.12413152769291,1.0,0.86137996290338,0.0,19,5,1,4,8.3
2012-03-17 20:00:00,118,123.826065,177.0,-5.8260650634765625,5.8260650634765625,4.93734327413268,1.0,0.9430315423235935,0.0,20,5,2,3,25.09
2012-03-17 21:00:00,146,124.14898,73.0,21.85102081298828,21.85102081298828,14.966452611635809,1.5,1.243029779714744,62.07448959350586,21,5,4,2,28.38
2012-03-17 22:00:00,107,124.14898,21.0,-17.14897918701172,17.14897918701172,16.0270833523474,1.0,0.9339893726208066,0.0,22,5,1,4,26.78
2012-03-17 23:00:00,57,127.13001,61.0,-70.13001251220703,70.13001251220703,123.03510967053866,1.0,0.911559966287815,0.0,23,5,2,4,33.56
2012-03-18 00:00:00,209,124.14898,25.0,84.85102081298828,84.85102081298828,40.59857455166904,1.5,1.3206439396649083,62.07448959350586,0,6,1,3,27.14
2012-03-18 01:00:00,57,123.59638,186.0,-66.59638214111328,66.59638214111328,116.835758142304,1.0,0.9960640231825224,0.0,1,6,3,4,25.8
2012-03-18 02:00:00,185,123.826065,129.0,61.17393493652344,61.17393493652344,33.066991857580234,1.0,0.8765422757075471,0.0,2,6,1,1,12.85
2012-03-18 03:00:00,23,124.14898,133.0,-101.14897918701172,101.14897918701172,439.7781703783118,1.25,1.1608252250402522,31.03724479675293,3,6,4,1,32.74
2012-03-18 04:00:00,65,123.826065,215.0,-58.82606506347656,58.82606506347656,90.5016385591947,1.25,1.067425809443292,30.95651626586914,4,6,2,1,10.39
2012-03-18 05:00:00,177,124.14898,92.0,52.85102081298828,52.85102081298828,29.859333792648744,1.25,1.120014174732642,31.03724479675293,5,6,4,4,32.15
2012-03-18 06:00:00,175,123.28505,199.0,51.71495056152344,51.71495056152344,29.551400320870535,1.25,1.1707230622816243,30.82126235961914,6,6,2,2,14.38
2012-03-18 07:00:00,78,123.826065,82.0,-45.82606506347656,45.82606506347656,58.7513654659956,1.0,0.8669733919696773,0.0,7,6,3,2,8.9
2012-03-18 08:00:00,231,124.14898,51.0,106.85102081298828,106.85102081298828,46.25585316579579,1.0,0.966714028611251,0.0,8,6,2,4,29.8
2012-03-18 09:00:00,71,126.85625,42.0,-55.85624694824219,55.85624694824219,78.67077034963688,1.5,1.3928630600748433,63.428123474121094,9,6,1,2,5.07
2012-03-18 10:00:00,153,122.90644,97.0,30.09355926513672,30.09355926513672,19.66899298374949,1.0,0.8878678700185745,0.0,10,6,1,2,29.96
2012-03-18 11:00:00,61,124.14898,162.0,-63.14897918701172,63.14897918701172,103.52291670001921,1.0,0.9284730427464484,0.0,11,6,3,4,12.87
2012-03-18 12:00:00,107,124.02569,53.0,-17.02568817138672,17.02568817138672,15.911858104099737,1.5,1.2563490525634349,62.01284408569336,12,6,2,1,31.54
2012-03-18 13:00:00,191,124.35395,52.0,66.64604949951172,66.64604949951172,34.89321963325221,1.0,0.9861140037469315,0.0,13,6,3,4,25.74
2012-03-18 14:00:00,122,123.826065,83.0,-1.8260650634765625,1.8260650634765625,1.4967746421939037,1.5,1.3647694107134476,61.91303253173828,14,6,1,1,24.99
2012-03-18 15:00:00,179,124.14898,47.0,54.85102081298828,54.85102081298828,30.643028387144287,1.0,0.8823822922528001,0.0,15,6,4,1,15.96
2012-03-18 16:00:00,188,124.35395,107.0,63.64604949951172,63.64604949951172,33.85428164867645,1.25,1.0054257869882512,31.08848762512207,16,6,3,2,6.78
2012-03-18 17:00:00,125,124.35395,170.0,0.6460494995117188,0.6460494995117188,0.516839599609375,1.0,0.9621694320983873,0.0,17,6,4,2,29.9
2012-03-18 18:00:00,217,124.14898,161.0,92.85102081298828,92.85102081298828,42.78848885391165,1.5,1.2733272486186755,62.07448959350586,18,6,4,1,10.13
2012-03-18 19:00:00,136,124.14898,3.0,11.851020812988281,11.851020812988281,8.713985891903148,1.0,0.8054273178749778,0.0,19,6,2,1,16.17
2012-03-18 20:00:00,164,124.35395,146.0,39.64604949951172,39.64604949951172,24.174420426531537,1.5,1.314361572400257,62.17697525024414,20,6,3,2,23.01
2012-03-18 21:00:00,100,124.14898,246.0,-24.14897918701172,24.14897918701172,24.14897918701172,1.25,1.1264872571551185,31.03724479675293,21,6,4,3,19.47
2012-03-18 22:00:00,201,124.14898,107.0,76.85102081298828,76.85102081298828,38.23433871292949,1.5,1.215229810071359,62.07448959350586,22,6,4,1,10.96
2012-03-18 23:00:00,116,123.59638,83.0,-7.596382141113281,7.596382141113281,6.548605294063173,1.0,0.83295505522938,0.0,23,6,2,1,9.22
2012-03-19 00:00:00,93,124.14898,163.0,-31.14897918701172,31.14897918701172,33.49352600753948,1.25,1.119379844046479,31.03724479675293,0,0,2,1,8.7
2012-03-19 01:00:00,238,124.14898,191.0,113.85102081298828,113.85102081298828,47.8365633668018,1.0,0.8021793149076871,0.0,1,0,1,2,30.89
2012-03-19 02:00:00,38,124.14898,16.0,-86.14897918701172,86.14897918701172,226.7078399658203,1.0,0.8533688228574259,0.0,2,0,4,4,5.95
2012-03-19 03:00:00,196,123.70194,194.0,72.29805755615234,72.29805755615234,36.8867640592614,1.5,1.272519361973928,61.85097122192383,3,0,1,1,34.31
2012-03-19 04:00:00,64,124.14898,56.0,-60.14897918701172,60.14897918701172,93.98277997970581,1.5,1.2390682157048194,62.07448959350586,4,0,4,1,10.96
2012-03-19 05:00:00,115,123.675514,66.0,-8.675514221191406,8.675514221191406,7.543925409731658,1.25,1.1953844469512491,30.91887855529785,5,0,1,1,8.31
2012-03-19 06:00:00,152,124.14898,193.0,27.85102081298828,27.85102081298828,18.323040008544922,1.0,0.8844222440299052,0.0,6,0,2,4,22.31
2012-03-19 07:00:00,175,125.077805,46.0,49.92219543457031,49.92219543457031,28.526968819754465,1.0,0.8174860370645735,0.0,7,0,3,4,7.4
2012-03-19 08:00:00,164,124.14898,137.0,39.85102081298828,39.85102081298828,24.29940293474895,1.25,1.0593760271128387,31.03724479675293,8,0,2,1,23.07
2012-03-19 09:00:00,16,124.14898,192.0,-108.14897918701172,108.14897918701172,675.9311199188232,1.0,0.7870491977021503,0.0,9,0,1,1,30.52
2012-03-19 10:00:00,163,124.14898,189.0,38.85102081298828,38.85102081298828,23.83498209385784,1.5,1.2350840915665209,62.07448959350586,10,0,1,3,6.44
2012-03-19 11:00:00,126,124.35395,137.0,1.6460494995117188,1.6460494995117188,1.3063884916759674,1.0,0.816618168625189,0.0,11,0,3,4,29.0
2012-03-19 12:00:00,34,123.826065,76.0,-89.82606506347656,89.82606506347656,264.1943090102252,1.0,0.7540871573456011,0.0,12,0,4,3,16.83
2012-03-19 13:00:00,107,124.35395,100.0,-17.35395050048828,17.35395050048828,16.21864532755914,1.0,0.829464671165495,0.0,13,0,1,1,9.78
2012-03-19 14:00:00,54,124.14898,75.0,-70.14897918701172,70.14897918701172,129.90551701298466,1.0,0.8796012935656792,0.0,14,0,1,1,10.28
2012-03-19 15:00:00,146,123.826065,108.0,22.173934936523438,22.173934936523438,15.187626668851669,1.0,0.8401804468709898,0.0,15,0,1,1,32.56
2012-03-19 16:00:00,79,123.59638,69.0,-44.59638214111328,44.59638214111328,56.451116634320606,1.5,1.316958624691855,61.79819107055664,16,0,3,1,8.32
2012-03-19 17:00:00,125,123.826065,129.0,1.1739349365234375,1.1739349365234375,0.93914794921875,1.5,1.2290986948825922,61.91303253173828,17,0,2,2,31.0
2012-03-19 18:00:00,111,124.14898,74.0,-13.148979187011719,13.148979187011719,11.845927195506054,1.5,1.2944139031382598,62.07448959350586,18,0,1,2,21.33
2012-03-19 19:00:00,135,126.02997,53.0,8.97003173828125,8.97003173828125,6.6444679542824066,1.25,1.090401739923898,31.507492065429688,19,0,3,2,6.17
2012-03-19 20:00:00,176,124.14898,42.0,51.85102081298828,51.85102081298828,29.460807280106977,1.0,0.9539544424176256,0.0,20,0,1,3,18.93
2012-03-19 21:00:00,154,124.14898,203.0,29.85102081298828,29.85102081298828,19.383779748693687,1.25,1.0039415994898049,31.03724479675293,21,0,4,4,29.52
2012-03-19 22:00:00,186,124.14898,223.0,61.85102081298828,61.85102081298828,33.25323699623026,1.0,0.8889122864586589,0.0,22,0,3,1,26.79
2012-03-19 23:00:00,115,123.59638,84.0,-8.596382141113281,8.596382141113281,7.4751149053158965,1.5,1.2874354654077025,61.79819107055664,23,0,1,4,19.66
2012-03-20 00:00:00,141,124.14898,163.0,16.85102081298828,16.85102081298828,11.95107859077183,1.0,0.9424938820803166,0.0,0,1,3,2,30.8
2012-03-20 01:00:00,180,123.59638,102.0,56.40361785888672,56.40361785888672,31.335343254937065,1.5,1.2372384637806468,61.79819107055664,1,1,1,1,8.61
2012-03-20 02:00:00,187,124.14898,207.0,62.85102081298828,62.85102081298828,33.61017155774774,1.5,1.208243013429959,62.07448959350586,2,1,2,1,32.3
2012-03-20 03:00:00,45,123.59638,20.0,-78.59638214111328,78.59638214111328,174.65862698025174,1.0,0.9067391981475805,0.0,3,1,1,3,30.39
2012-03-20 04:00:00,130,124.464584,209.0,5.5354156494140625,5.5354156494140625,4.2580120380108175,1.0,0.8508454692969114,0.0,4,1,3,4,26.25
2012-03-20 05:00:00,52,124.14898,161.0,-72.14897918701172,72.14897918701172,138.74803689809946,1.0,0.9822535373998172,0.0,5,1,4,3,29.54
2012-03-20 06:00:00,49,123.826065,88.0,-74.82606506347656,74.82606506347656,152.70625523158483,1.5,1.3838086561982927,61.91303253173828,6,1,4,2,21.31
2012-03-20 07:00:00,218,124.14898,118.0,93.85102081298828,93.85102081298828,43.05092697843499,1.25,1.037008815100594,31.03724479675293,7,1,4,4,25.25
2012-03-20 08:00:00,208,123.826065,174.0,84.17393493652344,84.17393493652344,40.46823795025165,1.5,1.4244068414560003,61.91303253173828,8,1,1,2,21.82
2012-03-20 09:00:00,152,123.826065,60.0,28.173934936523438,28.173934936523438,18.53548351087068,1.0,0.885983344734259,0.0,9,1,2,3,15.66
2012-03-20 10:00:00,148,124.14898,167.0,23.85102081298828,23.85102081298828,16.11555460337046,1.0,0.9192342207045955,0.0,10,1,1,3,22.07
2012-03-20 11:00:00,99,123.59638,138.0,-24.59638214111328,24.59638214111328,24.84483044556897,1.5,1.2332340182529753,61.79819107055664,11,1,4,1,12.72
2012-03-20 12:00:00,160,124.14898,116.0,35.85102081298828,35.85102081298828,22.406888008117676,1.5,1.3179861563188133,62.07448959350586,12,1,3,4,18.21
2012-03-20 13:00:00,101,124.14898,125.0,-23.14897918701172,23.14897918701172,22.91978137327893,1.25,1.1920174891308726,31.03724479675293,13,1,4,4,13.42
2012-03-20 14:00:00,118,124.14898,162.0,-6.148979187011719,6.148979187011719,5.21099931102688,1.0,0.7946100808818845,0.0,14,1,3,1,8.69
2012-03-20 15:00:00,76,124.14898,212.0,-48.14897918701172,48.14897918701172,63.353919982910156,1.0,0.9973019699736617,0.0,15,1,2,4,14.66
2012-03-20 16:00:00,73,124.14898,28.0,-51.14897918701172,51.14897918701172,70.06709477672838,1.0,0.867550990531988,0.0,16,1,3,2,30.56
2012-03-20 17:00:00,124,124.14898,177.0,-0.14897918701171875,0.14897918701171875,0.12014450565461189,1.0,0.9322410168430275,0.0,17,1,1,2,16.43
2012-03-20 18:00:00,219,124.02569,200.0,94.97431182861328,94.97431182861328,43.36726567516588,1.0,0.9618382729441345,0.0,18,1,1,3,27.44
2012-03-20 19:00:00,232,124.02569,57.0,107.97431182861328,107.97431182861328,46.540651650264344,1.25,1.1869687110989022,31.00642204284668,19,1,1,2,10.26
2012-03-20 20:00:00,167,124.14898,76.0,42.85102081298828,42.85102081298828,25.659293899992985,1.0,0.7598283247565094,0.0,20,1,3,4,17.73
2012-03-20 21:00:00,194,124.14898,33.0,69.85102081298828,69.85102081298828,36.00568083143726,1.25,1.0505748745545298,31.03724479675293,21,1,1,1,8.45
2012-03-20 22:00:00,152,124.14898,191.0,27.85102081298828,27.85102081298828,18.323040008544922,1.0,0.8929132033728456,0.0,22,1,1,3,9.16
2012-03-20 23:00:00,112,124.14898,108.0,-12.148979187011719,12.148979187011719,10.847302845546178,1.0,0.8496987266654962,0.0,23,1,1,1,23.52
2012-03-21 00:00:00,41,124.14898,86.0,-83.14897918701172,83.14897918701172,202.8023882610042,1.0,0.8714386338551183,0.0,0,2,2,3,23.22
2012-03-21 01:00:00,168,124.14898,30.0,43.85102081298828,43.85102081298828,26.101798102969216,1.0,0.7865304260424554,0.0,1,2,3,3,11.4
2012-03-21 02:00:00,16,123.59638,163.0,-107.59638214111328,107.59638214111328,672.477388381958,1.25,1.188018431303956,30.89909553527832,2,2,3,1,19.23
2012-03-21 03:00:00,105,123.826065,100.0,-18.826065063476562,18.826065063476562,17.929585774739586,1.25,1.019824930283846,30.95651626586914,3,2,4,2,30.9
2012-03-21 04:00:00,140,124.35395,66.0,15.646049499511719,15.646049499511719,11.17574964250837,1.25,1.0625207089471111,31.08848762512207,4,2,3,2,10.23
2012-03-21 05:00:00,106,128.13593,67.0,-22.13592529296875,22.13592529296875,20.88294838959316,1.25,1.0504912374396531,32.03398132324219,5,2,2,2,5.58
2012-03-21 06:00:00,77,124.14898,176.0,-47.14897918701172,47.14897918701172,61.23244050261262,1.5,1.2342710296317576,62.07448959350586,6,2,3,2,24.56
2012-03-21 07:00:00,41,124.14898,184.0,-83.14897918701172,83.14897918701172,202.8023882610042,1.5,1.2116264019635834,62.07448959350586,7,2,2,1,6.6
2012-03-21 08:00:00,188,124.14898,126.0,63.85102081298828,63.85102081298828,33.96330894307887,1.25,1.1723940573243377,31.03724479675293,8,2,2,4,34.4
2012-03-21 09:00:00,59,124.02569,61.0,-65.02568817138672,65.02568817138672,110.21303079896055,1.25,1.1605973138251673,31.00642204284668,9,2,3,3,23.29
2012-03-21 10:00:00,143,123.826065,68.0,19.173934936523438,19.173934936523438,13.40834610945695,1.25,1.1150968615796069,30.95651626586914,10,2,4,1,19.11
2012-03-21 11:00:00,183,124.14898,46.0,58.85102081298828,58.85102081298828,32.159027766660266,1.25,1.0179649001585274,31.03724479675293,11,2,1,2,17.9
2012-03-21 12:00:00,183,123.826065,53.0,59.17393493652344,59.17393493652344,32.33548357187073,1.0,0.9753741185537343,0.0,12,2,1,2,22.19
2012-03-21 13:00:00,168,124.14898,151.0,43.85102081298828,43.85102081298828,26.101798102969216,1.25,1.0898137614822088,31.03724479675293,13,2,3,1,7.72
2012-03-21 14:00:00,73,121.38071,31.0,-48.380706787109375,48.380706787109375,66.27494080425942,1.25,1.0441171689398272,30.345176696777344,14,2,3,3,32.9
2012-03-21 15:00:00,195,124.14898,101.0,70.85102081298828,70.85102081298828,36.33385682717348,1.5,1.211802961831758,62.07448959350586,15,2,2,1,23.77
2012-03-21 16:00:00,174,124.14898,155.0,49.85102081298828,49.85102081298828,28.65001196148752,1.0,0.948749340634661,0.0,16,2,3,1,10.52
2012-03-21 17:00:00,75,124.02569,72.0,-49.02568817138672,49.02568817138672,65.36758422851562,1.25,1.0635419866082578,31.00642204284668,17,2,2,4,21.88
2012-03-21 18:00:00,181,124.14898,143.0,56.85102081298828,56.85102081298828,31.409403764081922,1.5,1.292324415255678,62.07448959350586,18,2,4,1,9.0
2012-03-21 19:00:00,92,124.14898,128.0,-32.14897918701172,32.14897918701172,34.94454259457795,1.25,1.0328205843624005,31.03724479675293,19,2,3,4,5.53
2012-03-21 20:00:00,150,124.02569,98.0,25.97431182861328,25.97431182861328,17.316207885742188,1.25,1.0473217915313695,31.00642204284668,20,2,1,3,23.92
2012-03-21 21:00:00,207,124.14898,91.0,82.85102081298828,82.85102081298828,40.02464773574313,1.5,1.2154616701706336,62.07448959350586,21,2,1,1,24.45
2012-03-21 22:00:00,126,124.63607,26.0,1.3639297485351562,1.3639297485351562,1.082483927408854,1.25,1.0013316918002793,31.15901756286621,22,2,3,1,22.51
2012-03-21 23:00:00,66,124.14898,173.0,-58.14897918701172,58.14897918701172,88.10451391971472,1.25,1.0094758538813426,31.03724479675293,23,2,2,2,10.5
2012-03-22 00:00:00,86,124.14898,128.0,-38.14897918701172,38.14897918701172,44.35927812443224,1.0,0.9587379167295123,0.0,0,3,1,1,23.1
2012-03-22 01:00:00,194,125.07327,50.0,68.92672729492188,68.92672729492188,35.52924087367107,1.0,0.9765085179487962,0.0,1,3,2,2,6.7
2012-03-22 02:00:00,134,123.826065,107.0,10.173934936523438,10.173934936523438,7.592488758599581,1.0,0.9563754909519175,0.0,2,3,3,2,23.28
2012-03-22 03:00:00,210,123.80715,16.0,86.1928482055664,86.1928482055664,41.0442134312221,1.25,1.1006690965005583,30.9517879486084,3,3,3,2,21.62
2012-03-22 04:00:00,87,124.14898,123.0,-37.14897918701172,37.14897918701172,42.699976077024964,1.0,0.8379783832923678,0.0,4,3,1,3,24.66
2012-03-22 05:00:00,189,123.59638,89.0,65.40361785888672,65.40361785888672,34.60508881422577,1.0,0.9517535942738744,0.0,5,3,3,4,31.86
2012-03-22 06:00:00,128,123.59638,174.0,4.403617858886719,4.403617858886719,3.440326452255249,1.0,0.9873093294771744,0.0,6,3,4,2,30.51
2012-03-22 07:00:00,125,124.63607,48.0,0.36392974853515625,0.36392974853515625,0.291143798828125,1.0,0.886212508339624,0.0,7,3,4,1,34.42
2012-03-22 08:00:00,90,124.14898,222.0,-34.14897918701172,34.14897918701172,37.943310207790795,1.0,0.9908129816116189,0.0,8,3,1,1,34.29
2012-03-22 09:00:00,132,124.14898,230.0,7.851020812988281,7.851020812988281,5.947743040142638,1.0,0.9389711311905685,0.0,9,3,4,2,28.17
2012-03-22 10:00:00,169,124.14898,168.0,44.85102081298828,44.85102081298828,26.539065569815552,1.0,0.8224545248957746,0.0,10,3,2,2,33.69
2012-03-22 11:00:00,197,124.63607,212.0,72.36392974853516,72.36392974853516,36.73295926321581,1.0,0.7657504243332245,0.0,11,3,1,1,31.02
2012-03-22 12:00:00,164,124.14898,206.0,39.85102081298828,39.85102081298828,24.29940293474895,1.0,0.7483035911573698,0.0,12,3,1,2,26.83
2012-03-22 13:00:00,72,124.14898,197.0,-52.14897918701172,52.14897918701172,72.4291377597385,1.0,0.9174706078689728,0.0,13,3,2,4,7.26
2012-03-22 14:00:00,200,124.14898,148.0,75.85102081298828,75.85102081298828,37.92551040649414,1.0,0.9358503661156153,0.0,14,3,4,4,6.47
2012-03-22 15:00:00,232,123.77107,74.0,108.22892761230469,108.22892761230469,46.65039983288995,1.0,0.7843795640353135,0.0,15,3,4,3,30.13
2012-03-22 16:00:00,228,124.02569,222.0,103.97431182861328,103.97431182861328,45.602768345883014,1.0,0.9978118095955015,0.0,16,3,4,2,19.69
2012-03-22 17:00:00,177,124.14898,176.0,52.85102081298828,52.85102081298828,29.859333792648744,1.0,0.7536637640065338,0.0,17,3,1,3,29.44
2012-03-22 18:00:00,179,124.14898,109.0,54.85102081298828,54.85102081298828,30.643028387144287,1.0,0.8652628599997945,0.0,18,3,1,3,14.39
2012-03-22 19:00:00,56,124.14898,183.0,-68.14897918701172,68.14897918701172,121.69460569109236,1.25,1.081785890456285,31.03724479675293,19,3,4,3,16.93
2012-03-22 20:00:00,33,124.14898,214.0,-91.14897918701172,91.14897918701172,276.20902783942944,1.25,1.1251177366344045,31.03724479675293,20,3,3,2,26.01
2012-03-22 21:00:00,91,124.14898,197.0,-33.14897918701172,33.14897918701172,36.42744965605683,1.0,0.763565106696314,0.0,21,3,4,3,32.46
2012-03-22 22:00:00,59,124.52898,110.0,-65.52897644042969,65.52897644042969,111.06606176344013,1.5,1.2203772774866202,62.264488220214844,22,3,2,4,7.63
2012-03-22 23:00:00,181,123.826065,82.0,57.17393493652344,57.17393493652344,31.58780935719527,1.25,1.072347006438852,30.95651626586914,23,3,1,3,30.84
2012-03-23 00:00:00,235,123.59638,105.0,111.40361785888672,111.40361785888672,47.40579483356881,1.25,1.002372275227418,30.89909553527832,0,4,2,4,28.79
2012-03-23 01:00:00,61,123.826065,31.0,-62.82606506347656,62.82606506347656,102.9935492843878,1.25,1.0607968109043135,30.95651626586914,1,4,2,4,14.47
2012-03-23 02:00:00,128,124.464584,76.0,3.5354156494140625,3.5354156494140625,2.7620434761047363,1.25,1.0165663896057346,31.116146087646484,2,4,1,2,15.66
2012-03-23 03:00:00,167,124.14898,134.0,42.85102081298828,42.85102081298828,25.659293899992985,1.0,0.81248925862396,0.0,3,4,3,3,6.39
2012-03-23 04:00:00,31,126.02997,102.0,-95.02996826171875,95.02996826171875,306.54828471522177,1.5,1.265142010702445,63.014984130859375,4,4,4,2,5.47
2012-03-23 05:00:00,109,124.14898,178.0,-15.148979187011719,15.148979187011719,13.898146043130016,1.0,0.8049508056596649,0.0,5,4,2,4,19.31
2012-03-23 06:00:00,210,123.59638,45.0,86.40361785888672,86.40361785888672,41.1445799328032,1.0,0.810441309754696,0.0,6,4,1,1,7.87
2012-03-23 07:00:00,69,123.826065,91.0,-54.82606506347656,54.82606506347656,79.45806530938633,1.25,1.0083312886183204,30.95651626586914,7,4,2,3,10.82
2012-03-23 08:00:00,179,124.14898,97.0,54.85102081298828,54.85102081298828,30.643028387144287,1.25,1.1729886754879193,31.03724479675293,8,4,4,2,30.4
2012-03-23 09:00:00,212,124.35395,219.0,87.64604949951172,87.64604949951172,41.342476179014966,1.0,0.8881337428373636,0.0,9,4,3,1,22.13
2012-03-23 10:00:00,81,123.826065,144.0,-42.82606506347656,42.82606506347656,52.87168526355131,1.25,1.137289719067394,30.95651626586914,10,4,3,3,24.01
2012-03-23 11:00:00,146,124.14898,143.0,21.85102081298828,21.85102081298828,14.966452611635809,1.25,1.0075928920228314,31.03724479675293,11,4,3,3,10.62
2012-03-23 12:00:00,134,124.14898,9.0,9.851020812988281,9.851020812988281,7.35150806939424,1.0,0.7656805420544381,0.0,12,4,1,2,29.86
2012-03-23 13:00:00,145,123.80715,40.0,21.192848205566406,21.192848205566406,14.615757383149244,1.0,0.7586640117983698,0.0,13,4,1,1,31.04
2012-03-23 14:00:00,10,123.59638,55.0,-113.59638214111328,113.59638214111328,1135.9638214111328,1.0,0.8170146155058077,0.0,14,4,3,2,20.7
2012-03-23 15:00:00,43,124.592316,84.0,-81.59231567382812,81.59231567382812,189.749571334484,1.25,1.1085831791813472,31.14807891845703,15,4,4,3,32.38
2012-03-23 16:00:00,62,124.14898,46.0,-62.14897918701172,62.14897918701172,100.24028901130922,1.0,0.9630423162030404,0.0,16,4,4,3,30.34
2012-03-23 17:00:00,196,123.826065,60.0,72.17393493652344,72.17393493652344,36.82343619210379,1.25,1.0089500535870706,30.95651626586914,17,4,1,4,26.94
2012-03-23 18:00:00,143,123.28505,78.0,19.714950561523438,19.714950561523438,13.786678714352055,1.25,1.1749942533973794,30.82126235961914,18,4,3,3,27.02
2012-03-23 19:00:00,112,122.691574,182.0,-10.691574096679688,10.691574096679688,9.546048300606865,1.25,1.03761365806748,30.672893524169922,19,4,4,3,8.16
2012-03-23 20:00:00,149,124.14898,62.0,24.85102081298828,24.85102081298828,16.678537458381395,1.5,1.4889560459018094,62.07448959350586,20,4,4,1,13.13
2012-03-23 21:00:00,32,124.14898,87.0,-92.14897918701172,92.14897918701172,287.9655599594116,1.5,1.2541495785599643,62.07448959350586,21,4,4,1,7.01
2012-03-23 22:00:00,133,124.14898,107.0,8.851020812988281,8.851020812988281,6.654902866908483,1.25,1.0696340224377034,31.03724479675293,22,4,1,4,5.26
2012-03-23 23:00:00,215,123.59638,71.0,91.40361785888672,91.40361785888672,42.51331063204034,1.5,1.278248860668388,61.79819107055664,23,4,3,4,9.75
2012-03-24 00:00:00,22,123.826065,192.0,-101.82606506347656,101.82606506347656,462.8457502885298,1.5,1.2643773076326577,61.91303253173828,0,5,2,4,31.41
2012-03-24 01:00:00,193,124.14898,222.0,68.85102081298828,68.85102081298828,35.67410404818045,1.0,0.9554434313393539,0.0,1,5,3,2,12.2
2012-03-24 02:00:00,151,124.14898,204.0,26.85102081298828,26.85102081298828,17.782132988733963,1.0,0.8539107987833324,0.0,2,5,3,2,34.1
2012-03-24 03:00:00,153,123.826065,55.0,29.173934936523438,29.173934936523438,19.067931331061068,1.25,1.0321752506968285,30.95651626586914,3,5,1,4,22.92
2012-03-24 04:00:00,153,124.14898,173.0,28.85102081298828,28.85102081298828,18.856876348358355,1.0,0.908341488441727,0.0,4,5,4,2,12.12
2012-03-24 05:00:00,13,124.14898,95.0,-111.14897918701172,111.14897918701172,854.9921475923978,1.0,0.816852256996965,0.0,5,5,4,3,19.91
2012-03-24 06:00:00,69,124.14898,188.0,-55.14897918701172,55.14897918701172,79.92605679277061,1.5,1.3077038947139163,62.07448959350586,6,5,1,4,11.57
2012-03-24 07:00:00,34,124.14898,209.0,-90.14897918701172,90.14897918701172,265.1440564323874,1.25,1.145371327408674,31.03724479675293,7,5,1,4,34.52
2012-03-24 08:00:00,157,123.826065,163.0,33.17393493652344,33.17393493652344,21.12989486402767,1.25,1.192701407424825,30.95651626586914,8,5,1,2,30.42
2012-03-24 09:00:00,135,126.02997,193.0,8.97003173828125,8.97003173828125,6.6444679542824066,1.5,1.4819877894320395,63.014984130859375,9,5,1,1,5.79
2012-03-24 10:00:00,65,123.35568,109.0,-58.355682373046875,58.355682373046875,89.77797288161058,1.25,1.0246835747837006,30.83892059326172,10,5,1,4,33.43
2012-03-24 11:00:00,50,124.14898,63.0,-74.14897918701172,74.14897918701172,148.29795837402344,1.5,1.2193831107967665,62.07448959350586,11,5,2,2,26.63
2012-03-24 12:00:00,92,124.14898,215.0,-32.14897918701172,32.14897918701172,34.94454259457795,1.5,1.2408949652660073,62.07448959350586,12,5,3,2,7.47
2012-03-24 13:00:00,177,123.28505,6.0,53.71495056152344,53.71495056152344,30.34742969577595,1.75,1.51017122651388,92.46378707885742,13,5,3,1,25.12
2012-03-24 14:00:00,85,123.28505,198.0,-38.28504943847656,38.28504943847656,45.04123463350184,1.5,1.4627484413891816,61.64252471923828,14,5,3,4,24.41
2012-03-24 15:00:00,167,124.63607,120.0,42.363929748535156,42.363929748535156,25.367622603913265,1.0,0.9844691538827517,0.0,15,5,4,1,11.56
2012-03-24 16:00:00,40,124.14898,36.0,-84.14897918701172,84.14897918701172,210.3724479675293,1.5,1.495642372242782,62.07448959350586,16,5,2,3,27.75
2012-03-24 17:00:00,197,123.994576,11.0,73.00542449951172,73.00542449951172,37.05859111650341,1.5,1.3322352853908792,61.99728775024414,17,5,3,1,7.61
2012-03-24 18:00:00,196,124.14898,136.0,71.85102081298828,71.85102081298828,36.65868408825933,1.5,1.2867494930894994,62.07448959350586,18,5,4,1,19.68
2012-03-24 19:00:00,195,123.14194,179.0,71.85806274414062,71.85806274414062,36.850288586738785,1.25,1.1208198698903824,30.785484313964844,19,5,2,2,5.3
2012-03-24 20:00:00,137,123.70194,118.0,13.298057556152344,13.298057556152344,9.706611354855726,1.25,1.0404124675743933,30.925485610961914,20,5,2,1,34.06
2012-03-24 21:00:00,137,124.14898,146.0,12.851020812988281,12.851020812988281,9.380307162765169,1.25,1.1001436515960703,31.03724479675293,21,5,4,3,27.55
2012-03-24 22:00:00,57,123.77107,107.0,-66.77107238769531,66.77107238769531,117.14223225911458,1.5,1.3496513457047408,61.885536193847656,22,5,2,2,9.77
2012-03-24 23:00:00,45,124.14898,57.0,-79.14897918701172,79.14897918701172,175.8866204155816,1.5,1.2545055635481004,62.07448959350586,23,5,4,3,15.25
2012-03-25 00:00:00,161,124.14898,209.0,36.85102081298828,36.85102081298828,22.88883280309831,1.0,0.976500125189498,0.0,0,6,3,1,9.82
2012-03-25 01:00:00,161,123.826065,57.0,37.17393493652344,37.17393493652344,23.089400581691578,1.25,1.0202876519163226,30.95651626586914,1,6,4,3,28.0
2012-03-25 02:00:00,197,122.691574,185.0,74.30842590332031,74.30842590332031,37.720013148893564,1.25,1.0166152453486446,30.672893524169922,2,6,2,3,6.77
2012-03-25 03:00:00,201,124.14898,23.0,76.85102081298828,76.85102081298828,38.23433871292949,1.25,1.0019263009232453,31.03724479675293,3,6,3,1,30.21
2012-03-25 04:00:00,130,123.70194,65.0,6.298057556152344,6.298057556152344,4.844659658578726,1.0,0.9398296730780085,0.0,4,6,3,1,33.27
2012-03-25 05:00:00,47,124.14898,177.0,-77.14897918701172,77.14897918701172,164.1467642276845,1.5,1.4102502095658251,62.07448959350586,5,6,1,2,25.3
2012-03-25 06:00:00,201,124.14898,175.0,76.85102081298828,76.85102081298828,38.23433871292949,1.25,1.1504828176720734,31.03724479675293,6,6,1,2,11.39
2012-03-25 07:00:00,134,123.77107,78.0,10.228927612304688,10.228927612304688,7.633528068884095,1.0,0.9997138365421764,0.0,7,6,2,4,15.8
2012-03-25 08:00:00,61,123.826065,231.0,-62.82606506347656,62.82606506347656,102.9935492843878,1.25,1.080570260585327,30.95651626586914,8,6,4,2,19.32
2012-03-25 09:00:00,189,124.14898,71.0,64.85102081298828,64.85102081298828,34.312709424861524,1.0,0.8653932694464219,0.0,9,6,4,1,23.14
2012-03-25 10:00:00,149,124.14898,153.0,24.85102081298828,24.85102081298828,16.678537458381395,1.25,1.0139108703155595,31.03724479675293,10,6,2,3,25.06
2012-03-25 11:00:00,34,123.826065,61.0,-89.82606506347656,89.82606506347656,264.1943090102252,1.0,0.8548793230118055,0.0,11,6,3,3,21.63
2012-03-25 12:00:00,169,124.14898,107.0,44.85102081298828,44.85102081298828,26.539065569815552,1.0,0.829511342215946,0.0,12,6,2,2,15.54
2012-03-25 13:00:00,153,124.14898,191.0,28.85102081298828,28.85102081298828,18.856876348358355,1.0,0.957608109714075,0.0,13,6,2,2,31.73
2012-03-25 14:00:00,163,122.691574,122.0,40.30842590332031,40.30842590332031,24.729095646208783,1.0,0.7862872551646433,0.0,14,6,3,1,7.44
2012-03-25 15:00:00,53,123.77107,179.0,-70.77107238769531,70.77107238769531,133.53032525980248,1.0,0.9002571097727421,0.0,15,6,4,3,18.99
2012-03-25 16:00:00,125,123.77107,188.0,1.2289276123046875,1.2289276123046875,0.9831420898437501,1.0,0.8232390660242629,0.0,16,6,2,4,28.27
2012-03-25 17:00:00,19,124.14898,125.0,-105.14897918701172,105.14897918701172,553.4156799316406,1.25,1.039986929537734,31.03724479675293,17,6,4,4,6.83
2012-03-25 18:00:00,28,123.826065,217.0,-95.82606506347656,95.82606506347656,342.23594665527344,1.25,1.0051979622463332,30.95651626586914,18,6,2,2,26.16
2012-03-25 19:00:00,60,124.14898,136.0,-64.14897918701172,64.14897918701172,106.9149653116862,1.25,1.0473140700223027,31.03724479675293,19,6,3,4,29.59
2012-03-25 20:00:00,191,123.826065,164.0,67.17393493652344,67.17393493652344,35.16959944320599,1.5,1.4049530691662508,61.91303253173828,20,6,3,1,24.82
2012-03-25 21:00:00,76,123.14194,100.0,-47.141937255859375,47.141937255859375,62.028864810341275,1.25,1.1470952240686765,30.785484313964844,21,6,1,4,5.39
2012-03-25 22:00:00,205,123.826065,201.0,81.17393493652344,81.17393493652344,39.59704143245046,1.0,0.9147153735587499,0.0,22,6,3,2,10.4
2012-03-25 23:00:00,200,124.14898,116.0,75.85102081298828,75.85102081298828,37.92551040649414,1.0,0.9940174024635999,0.0,23,6,1,1,15.26
2012-03-26 00:00:00,186,124.02569,93.0,61.97431182861328,61.97431182861328,33.31952248850176,1.5,1.2146200601707584,62.01284408569336,0,0,2,3,12.01
2012-03-26 01:00:00,157,124.14898,238.0,32.85102081298828,32.85102081298828,20.924217078336486,1.25,1.0942060449006927,31.03724479675293,1,0,4,1,33.88
2012-03-26 02:00:00,136,124.14898,38.0,11.851020812988281,11.851020812988281,8.713985891903148,1.25,1.1969689761194708,31.03724479675293,2,0,3,2,24.55
2012-03-26 03:00:00,153,124.14898,196.0,28.85102081298828,28.85102081298828,18.856876348358355,1.5,1.3636711640975845,62.07448959350586,3,0,3,2,13.91
2012-03-26 04:00:00,157,124.14898,64.0,32.85102081298828,32.85102081298828,20.924217078336486,1.0,0.848084187426619,0.0,4,0,3,4,32.89
2012-03-26 05:00:00,163,123.77107,115.0,39.22892761230469,39.22892761230469,24.066826756015143,1.25,1.0553093944166947,30.942768096923828,5,0,2,4,27.22
2012-03-26 06:00:00,155,123.59638,152.0,31.40361785888672,31.40361785888672,20.260398618636593,1.25,1.0987920219967542,30.89909553527832,6,0,1,3,13.54
2012-03-26 07:00:00,137,123.77107,175.0,13.228927612304688,13.228927612304688,9.65615154182824,1.0,0.954033766474472,0.0,7,0,2,3,16.37
2012-03-26 08:00:00,128,124.14898,164.0,3.8510208129882812,3.8510208129882812,3.0086100101470947,1.5,1.357618872859248,62.07448959350586,8,0,4,2,10.98
2012-03-26 09:00:00,122,124.14898,16.0,-2.1489791870117188,2.1489791870117188,1.7614583500096055,1.25,1.1146562123179,31.03724479675293,9,0,2,2,34.13
2012-03-26 10:00:00,72,123.59638,163.0,-51.59638214111328,51.59638214111328,71.66164186265733,1.0,0.9044518207673802,0.0,10,0,4,2,20.52
2012-03-26 11:00:00,222,123.59638,126.0,98.40361785888672,98.40361785888672,44.325953990489516,1.0,0.9589279953326313,0.0,11,0,3,3,31.88
2012-03-26 12:00:00,149,124.14898,34.0,24.85102081298828,24.85102081298828,16.678537458381395,1.0,0.7745964327189475,0.0,12,0,4,2,15.39
2012-03-26 13:00:00,65,124.02569,107.0,-59.02568817138672,59.02568817138672,90.80875103290265,1.0,0.9179511731016656,0.0,13,0,4,3,30.83
2012-03-26 14:00:00,135,124.14898,54.0,10.851020812988281,10.851020812988281,8.037793194806135,1.25,1.0166470088989739,31.03724479675293,14,0,1,2,6.62
2012-03-26 15:00:00,130,124.14898,146.0,5.851020812988281,5.851020812988281,4.500785240760216,1.0,0.8910916843699178,0.0,15,0,4,1,34.46
2012-03-26 16:00:00,198,123.826065,79.0,74.17393493652344,74.17393493652344,37.461583301274466,1.0,0.8137693053005217,0.0,16,0,4,1,32.36
2012-03-26 17:00:00,153,124.14898,125.0,28.85102081298828,28.85102081298828,18.856876348358355,1.0,0.8662138799366357,0.0,17,0,2,2,15.9
2012-03-26 18:00:00,186,124.14898,111.0,61.85102081298828,61.85102081298828,33.25323699623026,1.0,0.746486923645543,0.0,18,0,3,1,28.24
2012-03-26 19:00:00,38,124.14898,135.0,-86.14897918701172,86.14897918701172,226.7078399658203,1.0,0.7723539261307244,0.0,19,0,2,3,27.57
2012-03-26 20:00:00,190,124.14898,176.0,65.85102081298828,65.85102081298828,34.65843200683594,1.0,0.7481163625963587,0.0,20,0,2,4,32.04
2012-03-26 21:00:00,211,124.14898,154.0,86.85102081298828,86.85102081298828,41.16162123838307,1.25,1.1203417316023951,31.03724479675293,21,0,3,1,14.22
2012-03-26 22:00:00,167,123.28505,186.0,43.71495056152344,43.71495056152344,26.176617102708644,1.0,0.7607209862723212,0.0,22,0,3,4,18.97
2012-03-26 23:00:00,159,123.77107,115.0,35.22892761230469,35.22892761230469,22.15655824673251,1.0,0.8943642500364216,0.0,23,0,4,1,30.95
2012-03-27 00:00:00,87,124.14898,141.0,-37.14897918701172,37.14897918701172,42.699976077024964,1.0,0.854894487753719,0.0,0,1,4,3,28.36
2012-03-27 01:00:00,80,124.14898,180.0,-44.14897918701172,44.14897918701172,55.18622398376465,1.0,0.836051101681328,0.0,1,1,1,1,16.8
2012-03-27 02:00:00,103,124.14898,187.0,-21.14897918701172,21.14897918701172,20.532989501953125,1.0,0.7411157881010697,0.0,2,1,2,1,30.37
2012-03-27 03:00:00,80,124.63607,45.0,-44.636070251464844,44.636070251464844,55.795087814331055,1.0,0.7466793824749393,0.0,3,1,3,2,6.41
2012-03-27 04:00:00,124,122.90644,130.0,1.0935592651367188,1.0935592651367188,0.8819026331747732,1.25,1.0631266701975095,30.72661018371582,4,1,4,4,28.46
2012-03-27 05:00:00,122,123.59638,52.0,-1.5963821411132812,1.5963821411132812,1.3085099517321979,1.0,0.8544471415972172,0.0,5,1,3,4,11.2
2012-03-27 06:00:00,106,123.80715,49.0,-17.807151794433594,17.807151794433594,16.799199806069428,1.0,0.8602825423932199,0.0,6,1,4,3,13.58
2012-03-27 07:00:00,43,124.14898,218.0,-81.14897918701172,81.14897918701172,188.71855624886447,1.25,1.0784030330221819,31.03724479675293,7,1,1,3,19.8
2012-03-27 08:00:00,15,124.464584,208.0,-109.46458435058594,109.46458435058594,729.7638956705729,1.5,1.2770291179968067,62.23229217529297,8,1,1,4,18.49
2012-03-27 09:00:00,238,124.14898,152.0,113.85102081298828,113.85102081298828,47.8365633668018,1.5,1.3985727772235619,62.07448959350586,9,1,3,2,20.62
2012-03-27 10:00:00,91,123.826065,148.0,-32.82606506347656,32.82606506347656,36.07259897085336,1.0,0.8883086157513982,0.0,10,1,1,2,21.34
2012-03-27 11:00:00,80,123.826065,99.0,-43.82606506347656,43.82606506347656,54.7825813293457,1.25,1.0172343582855863,30.95651626586914,11,1,3,4,14.95
2012-03-27 12:00:00,145,124.14898,160.0,20.85102081298828,20.85102081298828,14.380014353785024,1.0,0.8467898434925147,0.0,12,1,4,1,10.26
2012-03-27 13:00:00,19,124.63607,101.0,-105.63607025146484,105.63607025146484,555.9793171129729,1.25,1.0888789125222307,31.15901756286621,13,1,2,4,28.05
2012-03-27 14:00:00,100,123.80715,118.0,-23.807151794433594,23.807151794433594,23.807151794433594,1.0,0.8617718115636471,0.0,14,1,1,1,17.0
2012-03-27 15:00:00,146,123.59638,76.0,22.40361785888672,22.40361785888672,15.344943738963506,1.25,1.143051533285718,30.89909553527832,15,1,4,4,20.18
2012-03-27 16:00:00,139,123.826065,73.0,15.173934936523438,15.173934936523438,10.916499954333409,1.0,0.940451383640456,0.0,16,1,2,1,24.34
2012-03-27 17:00:00,63,123.70194,124.0,-60.701942443847656,60.701942443847656,96.35228959340898,1.5,1.4170564504663254,61.85097122192383,17,1,2,2,32.29
2012-03-27 18:00:00,135,124.464584,219.0,10.535415649414062,10.535415649414062,7.804011592158565,1.25,1.118296637425582,31.116146087646484,18,1,2,4,26.23
2012-03-27 19:00:00,103,123.77107,232.0,-20.771072387695312,20.771072387695312,20.166089696791563,1.25,1.006316216088061,30.942768096923828,19,1,4,3,6.36
2012-03-27 20:00:00,49,123.826065,167.0,-74.82606506347656,74.82606506347656,152.70625523158483,1.0,0.9310768948852053,0.0,20,1,4,1,30.16
2012-03-27 21:00:00,116,123.77107,194.0,-7.7710723876953125,7.7710723876953125,6.699200334220097,1.25,1.0261117426488615,30.942768096923828,21,1,3,2,34.68
2012-03-27 22:00:00,194,124.14898,152.0,69.85102081298828,69.85102081298828,36.00568083143726,1.75,1.652200494044309,93.11173439025879,22,1,2,3,19.17
2012-03-27 23:00:00,186,123.13767,112.0,62.862327575683594,62.862327575683594,33.79695030950731,1.5,1.3142436643264557,61.5688362121582,23,1,2,2,34.09
2012-03-28 00:00:00,137,124.14898,41.0,12.851020812988281,12.851020812988281,9.380307162765169,1.75,1.6043102835215937,93.11173439025879,0,2,2,1,21.42
2012-03-28 01:00:00,96,124.14898,168.0,-28.14897918701172,28.14897918701172,29.321853319803875,1.75,1.5104568765152937,93.11173439025879,1,2,3,4,18.79
2012-03-28 02:00:00,53,124.14898,16.0,-71.14897918701172,71.14897918701172,134.2433569566259,1.25,1.0918087684055708,31.03724479675293,2,2,2,2,14.94
2012-03-28 03:00:00,173,124.14898,105.0,48.85102081298828,48.85102081298828,28.237584284964324,1.25,1.0929797665151164,31.03724479675293,3,2,4,4,24.73
2012-03-28 04:00:00,133,124.14898,140.0,8.851020812988281,8.851020812988281,6.654902866908483,1.25,1.0256086944983986,31.03724479675293,4,2,2,4,11.89
2012-03-28 05:00:00,153,122.691574,106.0,30.308425903320312,30.308425903320312,19.809428694980596,1.0,0.9692626226190126,0.0,5,2,1,2,8.15
2012-03-28 06:00:00,186,124.14898,77.0,61.85102081298828,61.85102081298828,33.25323699623026,1.25,1.0266826362154282,31.03724479675293,6,2,4,2,5.82
2012-03-28 07:00:00,144,124.14898,41.0,19.85102081298828,19.85102081298828,13.78543112013075,1.0,0.9694351219021851,0.0,7,2,3,2,13.77
2012-03-28 08:00:00,41,124.14898,188.0,-83.14897918701172,83.14897918701172,202.8023882610042,1.5,1.4211121583588757,62.07448959350586,8,2,2,4,16.87
2012-03-28 09:00:00,75,124.14898,59.0,-49.14897918701172,49.14897918701172,65.53197224934895,1.5,1.2485538391571178,62.07448959350586,9,2,1,3,21.56
2012-03-28 10:00:00,109,123.77107,143.0,-14.771072387695312,14.771072387695312,13.551442557518637,1.25,1.0657723063354256,30.942768096923828,10,2,3,1,13.78
2012-03-28 11:00:00,55,123.35568,183.0,-68.35568237304688,68.35568237304688,124.28305886008523,1.0,0.9449076660836921,0.0,11,2,3,3,34.52
2012-03-28 12:00:00,61,124.02569,183.0,-63.02568817138672,63.02568817138672,103.32080028096185,1.75,1.5413398498713242,93.01926612854004,12,2,4,4,13.75
2012-03-28 13:00:00,142,124.464584,168.0,17.535415649414062,17.535415649414062,12.348884260150749,1.25,1.1704211879051098,31.116146087646484,13,2,3,2,18.23
2012-03-28 14:00:00,198,122.691574,73.0,75.30842590332031,75.30842590332031,38.03455853703046,1.25,1.0165081728108725,30.672893524169922,14,2,3,2,8.1
2012-03-28 15:00:00,167,123.826065,195.0,43.17393493652344,43.17393493652344,25.85265565061284,1.5,1.440090454836611,61.91303253173828,15,2,3,1,12.82
2012-03-28 16:00:00,184,124.14898,174.0,59.85102081298828,59.85102081298828,32.52772870271102,1.25,1.1376025171566782,31.03724479675293,16,2,3,1,6.45
2012-03-28 17:00:00,230,124.14898,75.0,105.85102081298828,105.85102081298828,46.02218296216882,1.0,0.8790592096241072,0.0,17,2,2,3,21.79
2012-03-28 18:00:00,25,124.14898,181.0,-99.14897918701172,99.14897918701172,396.5959167480469,1.0,0.9219793810020273,0.0,18,2,2,3,27.53
2012-03-28 19:00:00,100,123.77107,92.0,-23.771072387695312,23.771072387695312,23.771072387695312,1.5,1.2052318170538356,61.885536193847656,19,2,2,1,10.87
2012-03-28 20:00:00,190,124.14898,150.0,65.85102081298828,65.85102081298828,34.65843200683594,1.0,0.8796946739663271,0.0,20,2,2,4,16.04
2012-03-28 21:00:00,192,123.14194,207.0,68.85806274414062,68.85806274414062,35.86357434590657,1.25,1.0741458622548445,30.785484313964844,21,2,1,3,5.5
2012-03-28 22:00:00,127,124.14898,126.0,2.8510208129882812,2.8510208129882812,2.2448982779435287,1.0,0.8202792596427262,0.0,22,2,2,2,30.19
2012-03-28 23:00:00,72,124.14898,66.0,-52.14897918701172,52.14897918701172,72.4291377597385,1.25,1.1110429131667017,31.03724479675293,23,2,3,2,28.4
2012-03-29 00:00:00,54,124.14898,86.0,-70.14897918701172,70.14897918701172,129.90551701298466,1.0,0.9839192922492404,0.0,0,3,2,4,6.9
2012-03-29 01:00:00,87,124.14898,194.0,-37.14897918701172,37.14897918701172,42.699976077024964,1.25,1.1203638483293183,31.03724479675293,1,3,2,1,15.95
2012-03-29 02:00:00,196,125.56709,134.0,70.43290710449219,70.43290710449219,35.9351566859654,1.5,1.2194904943347955,62.783546447753906,2,3,4,3,33.66
2012-03-29 03:00:00,200,123.826065,210.0,76.17393493652344,76.17393493652344,38.08696746826172,1.0,0.8401384502311287,0.0,3,3,3,2,16.76
2012-03-29 04:00:00,173,124.63607,87.0,48.363929748535156,48.363929748535156,27.956028756378704,1.5,1.2074018977954846,62.31803512573242,4,3,2,1,20.79
2012-03-29 05:00:00,91,124.14898,189.0,-33.14897918701172,33.14897918701172,36.42744965605683,1.5,1.2696632382554787,62.07448959350586,5,3,2,3,15.66
2012-03-29 06:00:00,27,124.14898,128.0,-97.14897918701172,97.14897918701172,359.8110340259693,1.25,1.1039079946544799,31.03724479675293,6,3,2,4,22.88
2012-03-29 07:00:00,146,124.35395,125.0,21.64604949951172,21.64604949951172,14.826061301035423,1.0,0.9587415220675986,0.0,7,3,1,2,34.34
2012-03-29 08:00:00,25,121.38071,90.0,-96.38070678710938,96.38070678710938,385.5228271484375,1.0,0.8971415573592426,0.0,8,3,2,4,34.93
2012-03-29 09:00:00,76,123.28505,132.0,-47.28504943847656,47.28504943847656,62.217170313784955,1.0,0.8431280573469876,0.0,9,3,4,4,28.24
2012-03-29 10:00:00,5,124.14898,169.0,-119.14897918701172,119.14897918701172,2382.9795837402344,1.5,1.2001709705720578,62.07448959350586,10,3,3,4,17.13
2012-03-29 11:00:00,48,123.28505,197.0,-75.28504943847656,75.28504943847656,156.84385299682617,1.25,1.159461388643262,30.82126235961914,11,3,3,3,19.83
2012-03-29 12:00:00,51,125.2817,164.0,-74.28170013427734,74.28170013427734,145.65039242015166,1.5,1.3895457822877206,62.64085006713867,12,3,2,4,15.7
2012-03-29 13:00:00,217,126.462555,72.0,90.53744506835938,90.53744506835938,41.722324916294646,1.25,1.0954097077964478,31.615638732910156,13,3,2,3,34.57
